flye,hybridspades,metaflye_nextpolish,metamdbg,metamdbg_nextpolish,myloasm,myloasm_nextpolish,opera_ms
Anaerostipes hadrus,Anaerostipes hadrus,Anaerostipes hadrus,Bacteroides sp900557355,Bacteroides sp900557355,Bacteroides sp900557355,Bacteroides sp900557355,Anaerostipes hadrus
Butyribacter intestini,Butyribacter intestini,Butyribacter intestini,Anaerostipes hadrus,Anaerostipes hadrus,Anaerostipes hadrus,Anaerostipes hadrus,Blautia_A difficilis
Sarcina perfringens,Sarcina perfringens,Sarcina perfringens,Butyribacter intestini,Butyribacter intestini,Butyribacter intestini,Butyribacter intestini,Butyribacter intestini
Phocaeicola vulgatus,Phocaeicola vulgatus,Faecousia sp900544405,Phocaeicola vulgatus,Sarcina perfringens,Phocaeicola vulgatus,Sarcina perfringens,Phocaeicola vulgatus
CAG-269 sp003525075,Lentihominibacter butyricus,Phocaeicola vulgatus,CAG-269 sp003525075,Phocaeicola vulgatus,CAG-269 sp003525075,Phocaeicola vulgatus,CAG-269 sp003525075
Gallintestinimicrobium propionicum,Lentihominibacter excrementipullorum,CAG-269 sp003525075,Bacteroides finegoldii,CAG-269 sp003525075,Bacteroides finegoldii,Streptococcus thermophilus,Bacteroides finegoldii
Streptococcus salivarius,CAG-269 sp003525075,Lentihominibacter excrementipullorum,Gallintestinimicrobium propionicum,Bacteroides finegoldii,Streptococcus salivarius,Lentihominibacter excrementipullorum,Gallintestinimicrobium propionicum
Blautia_A fusiformis,Bacteroides finegoldii,Gallintestinimicrobium propionicum,Streptococcus salivarius,Gallintestinimicrobium propionicum,Blautia_A fusiformis,CAG-269 sp003525075,Streptococcus salivarius
Ruminococcoides intestinalis,QAMH01 sp900756605,Streptococcus salivarius,Blautia_A fusiformis,Enterocloster sp900541315,Ruminococcoides intestinalis,Lentihominibacter butyricus,Blautia_A fusiformis
Ruminococcoides intestinale,Gallintestinimicrobium propionicum,Blautia_A fusiformis,Ruminococcoides intestinalis,Streptococcus salivarius,Ruminococcoides intestinale,Gallintestinimicrobium propionicum,Ruminococcoides intestinalis
CAG-245 sp000434195,Streptococcus salivarius,Ruminococcoides intestinalis,Ruminococcoides intestinale,Blautia_A fusiformis,CAG-245 sp000434195,Streptococcus salivarius,Ruminococcoides intestinale
Blautia_A sp900066355,Blautia_A fusiformis,Ruminococcoides intestinale,CAG-245 sp000434195,Ruminococcoides intestinalis,Catenibacterium mitsuokai,Blautia_A fusiformis,CAG-245 sp000434195
Catenibacterium mitsuokai,Ruminococcoides intestinalis,CAG-245 sp000434195,Blautia_A sp900066355,Ruminococcoides intestinale,UBA11524 sp000437595,Ruminococcoides intestinalis,Blautia_A sp900066355
UBA11524 sp000437595,Ruminococcoides intestinale,Catenibacterium mitsuokai,Catenibacterium mitsuokai,CAG-245 sp000434195,Angelakisella sp900547385,Ruminococcoides intestinale,Angelakisella sp900547385
Lachnospira rogosae,CAG-245 sp000434195,UBA11524 sp000437595,UBA11524 sp000437595,Blautia_A sp900066355,Lachnospira rogosae,CAG-245 sp000434195,UBA11524 sp000437595
Jutongia huaianensis,Angelakisella sp900547385,Lachnospira rogosae,Lachnospira rogosae,Catenibacterium mitsuokai,Hominilimicola fabiformis,Angelakisella sp900547385,Lachnospira rogosae
Hominilimicola fabiformis,UBA11524 sp000437595,Blautia_A wexlerae,Jutongia huaianensis,Angelakisella sp900547385,Prevotella sp002265625,UBA11524 sp000437595,Blautia_A wexlerae
Prevotella sp002265625,Catenibacterium mitsuokai,Jutongia huaianensis,Hominilimicola fabiformis,UBA11524 sp000437595,Aveggerthella excrementigallinarum,Catenibacterium mitsuokai,Hominilimicola fabiformis
Aveggerthella excrementigallinarum,Lachnospira rogosae,Hominilimicola fabiformis,Prevotella sp002265625,Lachnospira rogosae,UBA4285 sp900545225,Oscillibacter faecalis_A,Prevotella sp002265625
Bifidobacterium pseudocatenulatum,Blautia_A wexlerae,Prevotella sp002265625,Aveggerthella excrementigallinarum,Blautia_A wexlerae,Dorea_A longicatena,Lachnospira rogosae,Aveggerthella excrementigallinarum
Aphodocola sp000434835,Jutongia huaianensis,Ruminococcus_C sp000433635,UBA4285 sp900545225,Jutongia huaianensis,Bifidobacterium pseudocatenulatum,Hominilimicola fabiformis,Dorea_A longicatena
Acetatifactor intestinalis,Hominilimicola fabiformis,UBA4285 sp900545225,Dorea_A longicatena,Hominilimicola fabiformis,Aphodocola sp000434835,UMGS1975 sp959600905,Bifidobacterium pseudocatenulatum
CAG-217 sp000436335,Prevotella sp002265625,Bifidobacterium pseudocatenulatum,Bifidobacterium pseudocatenulatum,Prevotella sp002265625,CAG-217 sp000436335,Butyricimonas faecalis,Aphodocola sp000434835
Lentihominibacter faecis,Aveggerthella excrementigallinarum,Aphodocola sp000434835,Aphodocola sp000434835,Aveggerthella excrementigallinarum,Mediterraneibacter torques,Alistipes finegoldii,Acetatifactor intestinalis
Mediterraneibacter torques,Ruminococcus_C sp000433635,CAG-170 sp900549635,Acetatifactor intestinalis,Vescimonas sp934623575,Lentihominibacter faecis,Dorea_A longicatena,Oliverpabstia tarda
CAG-274 sp000432155,UBA4285 sp900545225,Acetatifactor intestinalis,CAG-217 sp000436335,Ruminococcus_C sp000433635,CAG-274 sp000432155,Alistipes_A indistinctus,CAG-217 sp000436335
Prevotella sp015074785,Bifidobacterium pseudocatenulatum,CAG-217 sp000436335,Lentihominibacter faecis,Alistipes finegoldii,Prevotella sp015074785,Bifidobacterium pseudocatenulatum,Mediterraneibacter torques
Duodenibacillus intestinigallinarum,Aphodocola sp000434835,Mediterraneibacter torques,Mediterraneibacter torques,UBA4285 sp900545225,Duodenibacillus intestinigallinarum,Aphodocola sp000434835,Lentihominibacter faecis
Clostridium sp000435835,Acetatifactor intestinalis,Lentihominibacter faecis,CAG-274 sp000432155,Dorea_A longicatena,UMGS1975 sp900546685,CAG-170 sp900549635,CAG-274 sp000432155
HGM10766 sp900757295,CAG-217 sp000436335,CAG-274 sp000432155,Prevotella sp015074785,Bifidobacterium pseudocatenulatum,HGM10766 sp900757295,CAG-217 sp000436335,Prevotella sp015074785
Wujia hominis,Faecalimonas sp000209385,Prevotella sp015074785,Duodenibacillus intestinigallinarum,Aphodocola sp000434835,Wujia hominis,Oliverpabstia tarda,UMGS1975 sp900546685
Negativibacillus sp000435195,Lentihominibacter faecis,Duodenibacillus intestinigallinarum,Ruminococcus_B gnavus,Acetatifactor intestinalis,Negativibacillus sp000435195,Mediterraneibacter torques,HGM10766 sp900757295
QAKL01 sp003343815,Mediterraneibacter torques,Alistipes onderdonkii,HGM10766 sp900757295,CAG-217 sp000436335,QAKL01 sp003343815,Faecalibacterium sp934514285,Clostridium sp000435835
Phocaeicola coprocola,CAG-274 sp000432155,UMGS1975 sp900546685,Wujia hominis,Lentihominibacter faecis,Phocaeicola coprocola,Lentihominibacter faecis,Wujia hominis
Aphodousia faecalis,Prevotella sp015074785,HGM10766 sp900757295,Negativibacillus sp000435195,Mediterraneibacter torques,Aphodousia faecalis,CAG-274 sp000432155,Rothia mucilaginosa_B
Scybalousia sp900542735,Duodenibacillus intestinigallinarum,Clostridium sp000435835,QAKL01 sp003343815,CAG-274 sp000432155,Roseburia_C amylophila,Prevotella sp015074785,Negativibacillus sp000435195
Alangreenwoodia sp905206455,Ruminococcus_B gnavus,Wujia hominis,Phocaeicola coprocola,Prevotella sp015074785,Scybalousia sp900542735,Duodenibacillus intestinigallinarum,Bacteroides stercoris_A
UBA3402 sp003478355,UMGS1975 sp900546685,Rothia mucilaginosa_B,Aphodousia faecalis,Duodenibacillus intestinigallinarum,UBA3402 sp003478355,Ruminococcus_B gnavus,Phocaeicola coprocola
Lachnospira sp900545725,HGM10766 sp900757295,Negativibacillus sp000435195,Roseburia_C amylophila,Ruminococcus_B gnavus,Eubacterium_P hominis,UMGS1975 sp900546685,Aphodousia faecalis
Eubacterium_P hominis,Wujia hominis,QAKL01 sp003343815,Scybalousia sp900542735,UMGS1975 sp900546685,Blautia stercoris,Clostridium sp000435835,Roseburia_C amylophila
Blautia stercoris,Negativibacillus sp000435195,Phocaeicola coprocola,UBA3402 sp003478355,HGM10766 sp900757295,Leuconostoc lactis,HGM10766 sp900757295,Alangreenwoodia sp905206455
CAKRPJ01 sp934376955,Aphodousia faecalis,Aphodousia faecalis,Lachnospira sp900545725,Clostridium sp000435835,Eubacterium_G ventriosum,Wujia hominis,UBA3402 sp003478355
Alistipes shahii,Roseburia_C amylophila,Scybalousia sp900542735,Weissella confusa,Wujia hominis,Eubacterium_R sp000436835,Negativibacillus sp000435195,Lachnospira sp900545725
Eubacterium_R sp000436835,Scybalousia sp900542735,Brotonthovivens sp905193415,Eubacterium_P hominis,Rothia mucilaginosa_B,Alistipes shahii,QAKL01 sp003343815,Blautia_A sp900551715
Eubacterium_G ventriosum,Brotonthovivens sp905193415,UBA3402 sp003478355,Blautia stercoris,Negativibacillus sp000435195,Cryptobacteroides sp900544195,Blautia_A sp900066335,Eubacterium_P hominis
Onthomonas sp900752305,Alangreenwoodia sp905206455,Allisonella histaminiformans,CAKRPJ01 sp934376955,QAKL01 sp003343815,Bifidobacterium bifidum,Phocaeicola coprocola,Blautia stercoris
Cryptobacteroides sp900544195,UBA3402 sp003478355,Blautia_A sp900551715,Alistipes shahii,Phocaeicola coprocola,Coprococcus_A intestinihominis,Aphodousia faecalis,CAG-269 sp900556345
Bifidobacterium bifidum,Allisonella histaminiformans,Lachnospira sp900545725,Eubacterium_G ventriosum,Aphodousia faecalis,Prevotella sp900553595,Roseburia_C amylophila,CAKRPJ01 sp934376955
Coprococcus_A intestinihominis,Blautia_A sp900551715,Eubacterium_P hominis,Eubacterium_R sp000436835,Roseburia_C amylophila,Mesosutterella multiformis,Scybalousia sp900542735,Butyricimonas paravirosa
Eubacterium_I ramulus_A,Lachnospira sp900545725,Blautia stercoris,Butyricimonas paravirosa,Scybalousia sp900542735,Butyricimonas hominis,Brotonthovivens sp905193415,Eubacterium_G ventriosum
Prevotella sp900553595,Weissella confusa,CAKRPJ01 sp934376955,Leuconostoc lactis,Alangreenwoodia sp905206455,Agathobacter rectalis,Alangreenwoodia sp905206455,Evtepia excrementipullorum
Mesosutterella multiformis,Eubacterium_P hominis,Butyricimonas paravirosa,Onthomonas sp900752305,UBA3402 sp003478355,Ruthenibacterium lactatiformans,UBA3402 sp003478355,Eubacterium_R sp000436835
CAG-882 sp003486385,Blautia stercoris,Eubacterium_R sp000436835,Cryptobacteroides sp900544195,Lachnospira sp900545725,Bacteroides caccae,Allisonella histaminiformans,Leuconostoc lactis
Butyricimonas hominis,CAG-269 sp900556345,Evtepia excrementipullorum,Bifidobacterium bifidum,Blautia_A sp900551715,Hominiventricola aquisgranensis,Blautia_A sp900551715,Onthomonas sp900752305
Agathobacter rectalis,Butyricimonas paravirosa,Eubacterium_G ventriosum,Coprococcus_A intestinihominis,Eubacterium_P hominis,Suilimivivens sp000438155,Eubacterium_P hominis,Alistipes shahii
Ruthenibacterium lactatiformans,Eubacterium_G ventriosum,Alistipes shahii,Eubacterium_I ramulus_A,Blautia stercoris,Bifidobacterium longum,Blautia stercoris,Bifidobacterium bifidum
Coprococcus ammoniilyticus,Evtepia excrementipullorum,Leuconostoc lactis,Prevotella sp900553595,CAG-269 sp900556345,Otoolea fessa,Eubacterium_G ventriosum,Cryptobacteroides sp900544195
Hominiventricola aquisgranensis,Eubacterium_R sp000436835,Onthomonas sp900752305,Mesosutterella multiformis,CAKRPJ01 sp934376955,Bacteroides eggerthii,Eubacterium_R sp000436835,Coprococcus_A intestinihominis
Suilimivivens sp000438155,Alistipes shahii,Bifidobacterium bifidum,CAG-882 sp003486385,Butyricimonas paravirosa,Enterococcus_B faecium,Evtepia excrementipullorum,Eubacterium_I ramulus_A
Acetatifactor hominis,Onthomonas sp900752305,Cryptobacteroides sp900544195,Butyricimonas hominis,Eubacterium_G ventriosum,Scatocola faecipullorum,Avimicrobium caecorum,Prevotella sp900553595
Gemmiger sp900540595,Mediterraneibacter_A butyricigenes,Coprococcus_A intestinihominis,Agathobacter rectalis,Eubacterium_R sp000436835,Desulfovibrio fairfieldensis_A,Cryptobacteroides sp900544195,CAG-882 sp003486385
Bifidobacterium longum,Coprococcus_A intestinihominis,Eubacterium_I ramulus_A,Ruthenibacterium lactatiformans,Leuconostoc lactis,Ruminococcus_C sp000980705,Bifidobacterium bifidum,Mesosutterella multiformis
Otoolea fessa,Eubacterium_I ramulus_A,Prevotella sp900553595,Bacteroides caccae,Alistipes shahii,CAG-269 sp001916065,Coprococcus_A intestinihominis,Butyricimonas hominis
Bacteroides eggerthii,Prevotella sp900553595,Mesosutterella multiformis,Hominiventricola aquisgranensis,Onthomonas sp900752305,Parasutterella excrementihominis,Eubacterium_I ramulus_A,Agathobacter rectalis
Enterococcus_B faecium,Mesosutterella multiformis,CAG-882 sp003486385,Coprococcus ammoniilyticus,Cryptobacteroides sp900544195,CAG-115 sp003531585,Prevotella sp900553595,Bacteroides caccae
Scatocola faecipullorum,CAG-882 sp003486385,Butyricimonas hominis,Suilimivivens sp000438155,Bifidobacterium bifidum,Coprococcus sp000433075,Mesosutterella multiformis,Coprococcus ammoniilyticus
Desulfovibrio fairfieldensis_A,Agathobacter rectalis,Agathobacter rectalis,Gemmiger sp900540595,Coprococcus_A intestinihominis,Collinsella sp027671585,CAG-882 sp003486385,Gemmiger sp900540595
Ruminococcus_C sp000980705,Ruthenibacterium lactatiformans,Ruthenibacterium lactatiformans,Bifidobacterium longum,Eubacterium_I ramulus_A,Adlercreutzia equolifaciens,Butyricimonas hominis,Bifidobacterium longum
Parasutterella excrementihominis,Bacteroides caccae,Coprococcus ammoniilyticus,Otoolea fessa,Prevotella sp900553595,CAG-269 sp001916035,Agathobacter rectalis,Otoolea fessa
CAG-115 sp003531585,Hominiventricola aquisgranensis,Hominiventricola aquisgranensis,Bacteroides eggerthii,Mesosutterella multiformis,Anaerotardibacter sp000435475,Ruthenibacterium lactatiformans,PeH17 sp000435055
Coprococcus sp000433075,Coprococcus ammoniilyticus,Suilimivivens sp000438155,Enterococcus_B faecium,CAG-882 sp003486385,Hominimerdicola aceti,Pseudoscillospira sp018369915,Bacteroides eggerthii
Prevotella copri_A,Suilimivivens sp000438155,Bacteroides caccae,Scatocola faecipullorum,Butyricimonas hominis,Parabacteroides merdae,Bacteroides caccae,Enterococcus_B faecium
Collinsella sp027671585,Acetatifactor hominis,Acetatifactor hominis,Desulfovibrio fairfieldensis_A,Agathobacter rectalis,Escherichia coli,Hominiventricola aquisgranensis,Scatocola faecipullorum
Adlercreutzia equolifaciens,Gemmiger sp900540595,Gemmiger sp900540595,Ruminococcus_C sp000980705,Ruthenibacterium lactatiformans,Apopatocola sp003522945,Suilimivivens sp000438155,Desulfovibrio fairfieldensis_A
CAG-269 sp001916035,Bifidobacterium longum,Bifidobacterium longum,CAG-269 sp001916065,Bacteroides caccae,Bacteroides cellulosilyticus,Coprococcus ammoniilyticus,Ruminococcus_C sp000980705
Anaerotardibacter sp000435475,Enterococcus faecalis,Enterococcus faecalis,Parasutterella excrementihominis,Coprococcus ammoniilyticus,Alistipes putredinis,Bifidobacterium longum,CAG-269 sp001916065
Hominimerdicola aceti,Otoolea fessa,Otoolea fessa,Prevotella stercorea,Suilimivivens sp000438155,Vescimonas cirricatena,Enterococcus faecalis,Dorea formicigenerans
Parabacteroides merdae,PeH17 sp000435055,Bacteroides eggerthii,CAG-115 sp003531585,Hominiventricola aquisgranensis,COE1 sp001916965,Otoolea fessa,Parasutterella excrementihominis
Escherichia coli,Bacteroides eggerthii,Enterococcus_B faecium,Coprococcus sp000433075,Gemmiger sp900540595,Muricoprocola aceti,Bacteroides eggerthii,CAG-115 sp003531585
Alistipes putredinis,Enterococcus_B faecium,Scatocola faecipullorum,Prevotella copri_A,Bifidobacterium longum,Lachnospira sp000437735,CAG-238 sp900542245,Prevotella stercorea
COE1 sp001916965,Scatocola faecipullorum,Desulfovibrio fairfieldensis_A,Adlercreutzia equolifaciens,Otoolea fessa,Faecalibacterium longum,Enterococcus_B faecium,Coprococcus sp000433075
Lachnospira sp000437735,Desulfovibrio fairfieldensis_A,Ruminococcus_C sp000980705,Collinsella sp027671585,Bacteroides eggerthii,Butyribacter hominis,Scatocola faecipullorum,Prevotella copri_A
Faecalibacterium longum,Ruminococcus_C sp000980705,CAG-269 sp001916065,CAG-269 sp001916035,Enterococcus_B faecium,Prevotella rara,Desulfovibrio fairfieldensis_A,Adlercreutzia equolifaciens
Butyribacter hominis,CAG-269 sp001916065,Parasutterella excrementihominis,Anaerotardibacter sp000435475,Scatocola faecipullorum,Lachnospira eligens_A,CAG-269 sp001916065,CAG-269 sp001916035
Prevotella rara,Dorea formicigenerans,Prevotella stercorea,Hominimerdicola aceti,Desulfovibrio fairfieldensis_A,Coprococcus_A catus,Dorea formicigenerans,Anaerotardibacter sp000435475
Lachnospira eligens_A,Parasutterella excrementihominis,CAG-115 sp003531585,Parabacteroides merdae,Ruminococcus_C sp000980705,Lachnospira sp000436535,Parasutterella excrementihominis,Hominimerdicola aceti
Coprococcus_A catus,CAG-115 sp003531585,Coprococcus sp000433075,Escherichia coli,CAG-269 sp001916065,Ruminococcoides intestinihominis,CAG-115 sp003531585,Parabacteroides merdae
Ruminococcoides intestinihominis,Prevotella stercorea,Prevotella copri_A,Bacteroides cellulosilyticus,Dorea formicigenerans,Fusicatenibacter saccharivorans,Coprococcus sp000433075,Escherichia coli
Fusicatenibacter saccharivorans,Coprococcus sp000433075,Collinsella sp027671585,Apopatocola sp003522945,Parasutterella excrementihominis,Vescimonas sp000435555,Collinsella sp027671585,Bacteroides cellulosilyticus
Vescimonas sp000435555,Collinsella sp027671585,Adlercreutzia equolifaciens,Alistipes putredinis,Prevotella stercorea,Roseburia rectibacter,Adlercreutzia equolifaciens,CAG-433 sp000433675
Roseburia rectibacter,Adlercreutzia equolifaciens,CAG-269 sp001916035,COE1 sp001916965,CAG-115 sp003531585,Pilosibacter sp900066055,Eubacterium_B sp938049335,Alistipes putredinis
CAG-269 sp000437215,CAG-269 sp001916035,Anaerotardibacter sp000435475,Muricoprocola aceti,Coprococcus sp000433075,Eubacterium_I ramulus,CAG-269 sp001916035,COE1 sp001916965
Coprococcus aceti,Anaerotardibacter sp000435475,Hominimerdicola aceti,Lachnospira sp000437735,Prevotella copri_A,CAG-269 sp000437215,Anaerotardibacter sp000435475,Muricoprocola aceti
Oliverpabstia intestinalis,Hominimerdicola aceti,Parabacteroides merdae,Butyribacter hominis,Adlercreutzia equolifaciens,Coprococcus aceti,Hominimerdicola aceti,Hominibacterium hominis
CAG-245 sp000435175,Parabacteroides merdae,Escherichia coli,Faecalibacterium longum,Collinsella sp027671585,CAG-245 sp000435175,Parabacteroides merdae,Lachnospira sp000437735
Mediterraneibacter lactaris,Escherichia coli,Bacteroides cellulosilyticus,Dorea_D hominis,CAG-269 sp001916035,Gemmiger sp900539695,Escherichia coli,Dorea_D hominis
Blautia_A acetigignens,Bacteroides cellulosilyticus,CAG-433 sp000433675,Prevotella rara,Anaerotardibacter sp000435475,Phascolarctobacterium faecium,Apopatocola sp003522945,Butyribacter hominis
Otoolea sp000435655,Alistipes putredinis,Alistipes putredinis,Lachnospira eligens_A,Hominimerdicola aceti,CAG-882 sp900545175,CAG-433 sp000433675,Faecalibacterium longum
Gemmiger sp900539695,Vescimonas cirricatena,Vescimonas cirricatena,Coprococcus_A catus,Parabacteroides merdae,Eubacterium_F sp003491505,Vescimonas cirricatena,Prevotella rara
Evtepia sp004556345,COE1 sp001916965,COE1 sp001916965,Faecalibacterium duncaniae,Escherichia coli,Jutongia sp003524945,Alistipes putredinis,Lachnospira eligens_A
Phascolarctobacterium faecium,Lachnospira sp000437735,Faecalibacterium prausnitzii_I,Lachnospira sp000436535,Bacteroides cellulosilyticus,CAG-492 sp000434335,Bacteroides cellulosilyticus,Coprococcus_A catus
CAG-882 sp900545175,Faecalibacterium longum,Lachnospira sp000437735,Ruminococcoides intestinihominis,Apopatocola sp003522945,UMGS1071 sp900542375,COE1 sp001916965,Faecalibacterium duncaniae
Eubacterium_F sp003491505,Dorea_D hominis,Hominibacterium hominis,Fusicatenibacter saccharivorans,Alistipes putredinis,Hominicoprocola fusiformis,Faecalibacterium prausnitzii_I,Ruminococcoides intestinihominis
Blautia_A sp900120195,Hominibacterium hominis,Dorea_D hominis,Vescimonas sp000435555,COE1 sp001916965,Lachnospira sp000436475,Muricoprocola aceti,Fusicatenibacter saccharivorans
CAG-492 sp000434335,Butyribacter hominis,Faecalibacterium longum,Roseburia rectibacter,Faecalibacterium prausnitzii_I,Choladousia sp902363135,Lachnospira sp000437735,Roseburia rectibacter
Bariatricus comes,Prevotella rara,Butyribacter hominis,CAG-269 sp000437215,Muricoprocola aceti,Vescimonas coprocola,Hominibacterium hominis,Eubacterium_I ramulus
Jutongia sp003524945,Lachnospira eligens_A,Prevotella rara,Coprococcus aceti,Hominibacterium hominis,Roseburia inulinivorans,Butyribacter hominis,CAG-269 sp000437215
UMGS1071 sp900542375,Coprococcus_A catus,Lachnospira eligens_A,Oliverpabstia intestinalis,Lachnospira sp000437735,Pararoseburia lenta,Dorea_D hominis,Coprococcus aceti
CAG-302 sp934162325,Faecalibacterium duncaniae,Coprococcus_A catus,CAG-245 sp000435175,Butyribacter hominis,Enterocloster sp001517625,Faecalibacterium longum,CAG-245 sp000435175
Hominiventricola filiformis,Ruminococcoides intestinihominis,Lachnospira sp000436535,Mediterraneibacter lactaris,Faecalibacterium longum,Oscillibacter welbionis,Lachnospira eligens_A,Mediterraneibacter lactaris
Lachnospira sp000436475,Blautia_A sp003471165,Ruminococcoides intestinihominis,Blautia_A acetigignens,Dorea_D hominis,CAG-103 sp900543625,Barnesiella intestinihominis,Otoolea sp000435655
Hominicoprocola fusiformis,Fusicatenibacter saccharivorans,Blautia_A sp003471165,Gemmiger sp900539695,Prevotella rara,Ruminococcus_C callidus,Coprococcus_A catus,Bifidobacterium sp959028125
Choladousia sp902363135,Vescimonas sp000435555,Vescimonas sp000435975,Evtepia sp004556345,Lachnospira eligens_A,Fimenecus sp000432435,Vescimonas sp900548615,Evtepia sp004556345
Vescimonas coprocola,Roseburia rectibacter,Fusicatenibacter saccharivorans,Phascolarctobacterium faecium,Vescimonas sp900548615,RGIG3102 sp934526065,Ruminococcoides intestinihominis,Phascolarctobacterium faecium
Prevotella sp900548745,Eubacterium_I ramulus,Vescimonas sp000435555,CAG-882 sp900545175,Coprococcus_A catus,Coprobacillus cateniformis,Blautia_A sp003471165,Blautia_A schinkii_B
Klebsiella pneumoniae,CAG-269 sp000437215,Roseburia rectibacter,Eubacterium_F sp003491505,Lachnospira sp000436535,Parasutterella gallistercoris,Vescimonas sp000435975,CAG-882 sp900545175
Roseburia inulinivorans,Coprococcus aceti,Pilosibacter sp900066055,Bariatricus comes,Ruminococcoides intestinihominis,CAG-302 sp900543825,Fusicatenibacter saccharivorans,Eubacterium_F sp003491505
Pararoseburia lenta,Oliverpabstia intestinalis,Eubacterium_I ramulus,CAG-492 sp000434335,Blautia_A sp003471165,Blautia_A intestinihominis,Vescimonas sp000435555,Blautia_A sp900120195
Pilosibacter fragilis,CAG-245 sp000435175,CAG-269 sp000437215,Jutongia sp003524945,Pilosibacter sp900066785,Faecalibacterium prausnitzii_E,Roseburia rectibacter,CAG-492 sp000434335
Enterocloster sp001517625,Mediterraneibacter lactaris,Coprococcus aceti,UMGS1071 sp900542375,Fusicatenibacter saccharivorans,Faecalibacillus intestinalis,Pilosibacter sp900066055,Jutongia sp003524945
CAG-170 sp002404795,Blautia_A acetigignens,CAG-245 sp000435175,Hominiventricola filiformis,Vescimonas sp000435975,Enterocloster sp000431375,Eubacterium_I ramulus,Bariatricus comes
CAG-103 sp900543625,Faecalibacterium prausnitzii,Mediterraneibacter lactaris,Lachnospira sp000436475,Vescimonas sp000435555,Bifidobacterium adolescentis,CAG-269 sp000437215,CAG-302 sp934162325
Ruminococcus_C callidus,Gemmiger sp900539695,Blautia_A acetigignens,Phocaeicola dorei,Roseburia rectibacter,Parabacteroides distasonis,Coprococcus aceti,Lachnospira sp000436475
Fimenecus sp000432435,Evtepia sp004556345,Otoolea sp000435655,Choladousia sp902363135,Eubacterium_I ramulus,Collinsella sp905215135,CAG-245 sp000435175,Hominicoprocola fusiformis
RGIG3102 sp934526065,Phascolarctobacterium faecium,Gemmiger sp900539695,Hominicoprocola fusiformis,CAG-269 sp000437215,Mediterraneibacter faecis,Gemella sanguinis,Choladousia sp902363135
Collinsella sp027669365,CAG-882 sp900545175,Evtepia sp004556345,Vescimonas coprocola,Coprococcus aceti,Blautia_A obeum,Faecalibacterium prausnitzii,Vescimonas coprocola
Coprobacillus cateniformis,Eubacterium_F sp003491505,Phascolarctobacterium faecium,Prevotella sp900548745,Oliverpabstia intestinalis,Laedolimicola intestinihominis,Otoolea sp000435655,Prevotella sp900548745
Parasutterella gallistercoris,Blautia_A sp900120195,CAG-882 sp900545175,Klebsiella pneumoniae,CAG-245 sp000435175,Hominenteromicrobium mulieris,Vescimonas sp900545585,Klebsiella pneumoniae
CAG-302 sp900543825,CAG-492 sp000434335,HGM13006 sp900757695,Roseburia inulinivorans,Mediterraneibacter lactaris,UBA10677 sp003533505,Evtepia sp004556345,Roseburia inulinivorans
Muricoprocola shaoxingensis,Jutongia sp003524945,Bariatricus comes,Pararoseburia lenta,Blautia_A acetigignens,Agathobaculum butyriciproducens,Phascolarctobacterium faecium,Pararoseburia lenta
Blautia_A intestinihominis,Rothia mucilaginosa_D,CAG-492 sp000434335,Pilosibacter fragilis,Gemmiger sp900539695,Dialister sp000434475,CAG-882 sp900545175,Pilosibacter fragilis
Faecalibacterium prausnitzii_E,UMGS1071 sp900542375,Blautia_A sp900120195,Blautia_A sp005848555,Evtepia sp004556345,Mailhella sp944324615,Ventricola sp900542395,Blautia_A sp005848555
Faecalibacillus intestinalis,Bariatricus comes,Jutongia sp003524945,CAG-170 sp002404795,Phascolarctobacterium faecium,Bilophila wadsworthia,Eubacterium_F sp003491505,CAG-170 sp002404795
Enterocloster sp000431375,Hominiventricola filiformis,UMGS1071 sp900542375,CAG-103 sp900543625,CAG-882 sp900545175,Anthropogastromicrobium aceti,HGM13006 sp900757695,CAG-103 sp900543625
Bifidobacterium adolescentis,CAG-302 sp934162325,CAG-302 sp934162325,Ruminococcus_C callidus,Eubacterium_F sp003491505,Faecalibacillus faecis,Jutongia sp003524945,Ruminococcus_C callidus
Bacteroides thetaiotaomicron,Lachnospira sp000436475,Hominiventricola filiformis,Fimenecus sp000432435,Jutongia sp003524945,Collinsella sp003466125,CAG-492 sp000434335,Fimenecus sp000432435
Phascolarctobacterium_A succinatutens_B,Hominicoprocola fusiformis,Lachnospira sp000436475,RGIG3102 sp934526065,CAG-492 sp000434335,Acidaminococcus massiliensis,CAG-302 sp934162325,RGIG3102 sp934526065
Parabacteroides distasonis,Choladousia sp902363135,Hominicoprocola fusiformis,Collinsella sp027669365,CAG-302 sp934162325,Hominisplanchenecus faecis,UMGS1071 sp900542375,Collinsella sp027669365
Laedolimicola intestinihominis,Vescimonas coprocola,Choladousia sp902363135,Coprobacillus cateniformis,UMGS1071 sp900542375,Oliverpabstia faecicola,Hominicoprocola fusiformis,Parasutterella gallistercoris
Blautia_A obeum,Prevotella sp900548745,Vescimonas coprocola,Parasutterella gallistercoris,Hominiventricola filiformis,Ruminococcus_C sp000433635,Lachnospira sp000436475,Choladousia sp902363665
Hominenteromicrobium mulieris,Klebsiella pneumoniae,Prevotella sp900548745,CAG-302 sp900543825,Hominicoprocola fusiformis,Maccoya intestinihominis,Choladousia sp902363135,CAG-302 sp900543825
Mediterraneibacter faecis,Roseburia inulinivorans,Klebsiella pneumoniae,Muricoprocola shaoxingensis,Phocaeicola dorei,Desulfovibrio sp900319575,Vescimonas coprocola,Blautia_A intestinihominis
Agathobaculum butyriciproducens,Pararoseburia lenta,Roseburia inulinivorans,Blautia_A intestinihominis,Choladousia sp902363135,Paraprevotella clara,Roseburia inulinivorans,Faecalibacterium prausnitzii_E
Dialister sp000434475,Pilosibacter fragilis,Pararoseburia lenta,Faecalibacterium prausnitzii_E,Lachnospira sp000436475,Streptococcus infantarius,Pararoseburia lenta,Faecalibacillus intestinalis
Mailhella sp944324615,CAG-170 sp002404795,Enterocloster sp001517625,Faecalibacillus intestinalis,Vescimonas coprocola,Anaerotignum_A faecicola,Enterocloster sp001517625,Enterocloster sp000431375
Bilophila wadsworthia,CAG-103 sp900543625,Pilosibacter fragilis,Enterocloster sp000431375,Prevotella sp900548745,Evtepia gabavorous,Pilosibacter fragilis,Bifidobacterium adolescentis
Anthropogastromicrobium aceti,Ruminococcus_C callidus,CAG-170 sp937967235,Phascolarctobacterium_A succinatutens_B,Klebsiella pneumoniae,Lachnospira hominis,CAG-170 sp937967235,Phascolarctobacterium_A succinatutens_B
Collinsella sp003466125,Fimenecus sp000432435,Oscillibacter welbionis,Bifidobacterium adolescentis,Roseburia inulinivorans,Faecousia intestinalis,Oscillibacter welbionis,Parabacteroides distasonis
Acidaminococcus massiliensis,Collinsella sp027669365,Blautia_A sp005848555,Parabacteroides distasonis,Pararoseburia lenta,Lachnospira sp900551945,CAG-103 sp900543625,Laedolimicola intestinihominis
Streptococcus hominis,Coprobacillus cateniformis,CAG-103 sp900543625,Laedolimicola intestinihominis,Pilosibacter fragilis,Sellimonas intestinalis,Ruminococcus_C callidus,Blautia_A obeum
Ruminococcus_C sp000433635,Parasutterella gallistercoris,Ruminococcus_C callidus,Blautia_A obeum,Oscillibacter welbionis,Dialister hominis,Fimenecus sp000432435,Hominenteromicrobium mulieris
Oliverpabstia faecicola,Choladousia sp902363665,Clostridium saudiense,Hominenteromicrobium mulieris,Blautia_A sp005848555,Vescimonas sp003487665,RGIG3102 sp934526065,Mediterraneibacter faecis
Hominicoprocola sp934835795,CAG-302 sp900543825,Fimenecus sp000432435,Mediterraneibacter faecis,CAG-170 sp002404795,Bacteroides uniformis,Collinsella sp027669365,UBA10677 sp003533505
Maccoya intestinihominis,Muricoprocola shaoxingensis,RGIG3102 sp934526065,UBA10677 sp003533505,CAG-103 sp900543625,CAG-170 sp900553545,Coprobacillus cateniformis,Agathobaculum butyriciproducens
Desulfovibrio sp900319575,Blautia_A intestinihominis,Collinsella sp027669365,Agathobaculum butyriciproducens,Ruminococcus_C callidus,Odoribacter splanchnicus,Parasutterella gallistercoris,Brotaphodocola sp003480315
Streptococcus infantarius,Faecalibacterium prausnitzii_E,Coprobacillus cateniformis,Dialister sp000434475,Fimenecus sp000432435,Faecalibacterium taiwanense,Choladousia sp902363665,Bilophila wadsworthia
Eubacterium_G segne,Anaerobutyricum hallii,Parasutterella gallistercoris,Brotaphodocola sp003480315,RGIG3102 sp934526065,Eubacterium_U album,CAG-302 sp900543825,Anthropogastromicrobium aceti
Paraprevotella clara,Faecalibacillus intestinalis,Choladousia sp902363665,Bilophila wadsworthia,Collinsella sp027669365,Acetatifactor acetigignens,Slackia sp900555495,Collinsella sp003466125
Anaerotignum_A faecicola,Enterocloster sp000431375,Slackia sp900555495,Anthropogastromicrobium aceti,Coprobacillus cateniformis,CAG-269 sp900551615,Blautia_A intestinihominis,Acidaminococcus massiliensis
Evtepia gabavorous,Phascolarctobacterium_A succinatutens_B,Muricoprocola shaoxingensis,Faecalibacillus faecis,Parasutterella gallistercoris,Prevotella sp000434975,Faecalibacterium prausnitzii_E,Streptococcus hominis
Lachnospira hominis,Bifidobacterium adolescentis,CAG-302 sp900543825,Collinsella sp003466125,Choladousia sp902363665,Claveliimonas ammoniilytica,Anaerobutyricum hallii,Hominisplanchenecus faecis
Schaedlerella hominis,Parabacteroides distasonis,Anaerobutyricum hallii,Acidaminococcus massiliensis,CAG-302 sp900543825,Gemmiger formicilis,Faecalibacillus intestinalis,Oliverpabstia faecicola
Faecousia intestinalis,Laedolimicola intestinihominis,Faecalibacillus intestinalis,Streptococcus hominis,Muricoprocola shaoxingensis,Blautia_A faecis,Enterocloster sp000431375,Hominicoprocola sp934835795
Neoanaerotignum_A sp934256695,Blautia_A obeum,Enterocloster sp000431375,Hominisplanchenecus faecis,Blautia_A intestinihominis,Hominicoprocola sp900317525,Phascolarctobacterium_A succinatutens_B,Maccoya intestinihominis
Lachnospira sp900551945,Hominenteromicrobium mulieris,Bacteroides thetaiotaomicron,Oliverpabstia faecicola,Faecalibacterium prausnitzii_E,Lawsonibacter sp900549405,Bifidobacterium adolescentis,Desulfovibrio sp900319575
Dialister hominis,Mediterraneibacter faecis,Bifidobacterium adolescentis,Hominicoprocola sp934835795,Faecalibacillus intestinalis,Gemmiger qucibialis,Parabacteroides distasonis,Ruminococcus_C sp000433635
Blautia_A intestinalis,UBA10677 sp003533505,Phascolarctobacterium_A succinatutens_B,Maccoya intestinihominis,Enterocloster sp000431375,Limisoma sp000437795,Laedolimicola intestinihominis,Paraprevotella clara
Bacteroides uniformis,Agathobaculum butyriciproducens,Parabacteroides distasonis,Desulfovibrio sp900319575,Phascolarctobacterium_A succinatutens_B,Alistipes communis,Mediterraneibacter faecis,Eubacterium_G segne
CAG-170 sp900553545,Dialister sp000434475,Laedolimicola intestinihominis,Bacteroides hominis,Bifidobacterium adolescentis,Dorea_A amylophila,Hominenteromicrobium mulieris,Streptococcus infantarius
Odoribacter splanchnicus,Brotaphodocola sp003480315,Blautia_A obeum,Paraprevotella clara,Bacteroides thetaiotaomicron,Streptococcus ilei,UBA10677 sp003533505,Anaerotignum_A faecicola
Eubacterium_U album,Bilophila wadsworthia,Hominenteromicrobium mulieris,Streptococcus infantarius,Parabacteroides distasonis,Faecalitalea cylindroides,Agathobaculum butyriciproducens,Evtepia gabavorous
CAG-303 sp000437755,Anthropogastromicrobium aceti,Mediterraneibacter faecis,Ruminococcus_C sp000433635,Laedolimicola intestinihominis,CAG-177 sp003514385,Dialister sp000434475,Lachnospira hominis
Acetatifactor acetigignens,Collinsella sp003466125,UBA10677 sp003533505,Anaerotignum_A faecicola,Blautia_A obeum,Megamonas funiformis,Fusobacterium_A varium,Faecousia intestinalis
Prevotella sp900313215,Acidaminococcus massiliensis,Agathobaculum butyriciproducens,Evtepia gabavorous,Hominenteromicrobium mulieris,Agathobacter faecis,Dorea_A sp019421265,Lachnospira sp900551945
Prevotella sp000434975,Streptococcus hominis,Dialister sp000434475,Lachnospira hominis,Mediterraneibacter faecis,Oscillibacter segnis,Brotaphodocola sp003480315,Vescimonas sp003539495
Claveliimonas ammoniilytica,Hominisplanchenecus faecis,Brotaphodocola sp003480315,Schaedlerella hominis,UBA10677 sp003533505,Eubacterium_G sp000435815,Mailhella sp944324615,CAG-103 sp000432375
Gemmiger formicilis,Oliverpabstia faecicola,Mailhella sp944324615,Faecousia intestinalis,Agathobaculum butyriciproducens,Jutongia huaianensis,Bilophila wadsworthia,Dialister hominis
Hominicoprocola sp900317525,Hominicoprocola sp934835795,Bilophila wadsworthia,Neoanaerotignum_A sp934256695,Dialister sp000434475,,Anthropogastromicrobium aceti,Blautia_A intestinalis
Blautia_A faecis,Maccoya intestinihominis,Anthropogastromicrobium aceti,Lachnospira sp900551945,Brotaphodocola sp003480315,,Collinsella sp003466125,Bacteroides uniformis
Lawsonibacter sp900549405,Desulfovibrio sp900319575,Collinsella sp003466125,Dialister hominis,Mailhella sp944324615,,Acidaminococcus massiliensis,Odoribacter splanchnicus
Bacteroides stercoris,Bacteroides hominis,Acidaminococcus massiliensis,Vescimonas sp003487665,Bilophila wadsworthia,,Hominisplanchenecus faecis,Faecalibacterium taiwanense
Gemmiger qucibialis,Paraprevotella clara,Streptococcus hominis,Bacteroides uniformis,Anthropogastromicrobium aceti,,Oliverpabstia faecicola,Eubacterium_U album
Limisoma sp000437795,Streptococcus infantarius,Hominisplanchenecus faecis,Odoribacter splanchnicus,Faecalibacillus faecis,,Ruminococcus_C sp000433635,CAG-303 sp000437755
Alistipes communis,Eubacterium_G segne,Oliverpabstia faecicola,Faecalibacterium taiwanense,Collinsella sp003466125,,Maccoya intestinihominis,Acetatifactor acetigignens
Dorea_A amylophila,Anaerotignum_A faecicola,Hominicoprocola sp934835795,Eubacterium_U album,Acidaminococcus massiliensis,,Desulfovibrio sp900319575,Prevotella sp900313215
Faecalitalea cylindroides,Evtepia gabavorous,Maccoya intestinihominis,CAG-303 sp000437755,Streptococcus hominis,,Bacteroides hominis,Prevotella sp000434975
CAG-177 sp003514385,Lachnospira hominis,Desulfovibrio sp900319575,Acetatifactor acetigignens,Hominisplanchenecus faecis,,Paraprevotella clara,Claveliimonas ammoniilytica
Megamonas funiformis,Schaedlerella hominis,Bacteroides hominis,Prevotella sp900313215,Oliverpabstia faecicola,,Anaerotignum_A faecicola,Gemmiger formicilis
Phocaeicola massiliensis,Faecousia intestinalis,Eubacterium_G segne,Weissella cibaria,Hominicoprocola sp934835795,,Evtepia gabavorous,Blautia_A faecis
Agathobacter faecis,Neoanaerotignum_A sp934256695,Streptococcus infantarius,Prevotella sp000434975,Maccoya intestinihominis,,Lachnospira hominis,Lawsonibacter sp900549405
Oscillibacter segnis,Lachnospira sp900551945,Paraprevotella clara,Claveliimonas ammoniilytica,Desulfovibrio sp900319575,,Faecousia intestinalis,Bacteroides stercoris
Eubacterium_G sp000435815,Sellimonas intestinalis,Anaerotignum_A faecicola,Gemmiger formicilis,Bacteroides hominis,,Neoanaerotignum_A sp934256695,Gemmiger qucibialis
Romboutsia timonensis,Vescimonas sp003539495,Evtepia gabavorous,Blautia_A faecis,Paraprevotella clara,,Lachnospira sp900551945,Limisoma sp000437795
,CAG-103 sp000432375,Lachnospira hominis,Hominicoprocola sp900317525,Eubacterium_G segne,,CAG-170 sp900545925,Dorea_A amylophila
,Dialister hominis,Schaedlerella hominis,Lawsonibacter sp900549405,Streptococcus infantarius,,Sellimonas intestinalis,CAG-177 sp003514385
,Blautia_A intestinalis,Faecousia intestinalis,Bacteroides stercoris,Anaerotignum_A faecicola,,Vescimonas sp003539495,Phocaeicola massiliensis
,Vescimonas sp003487665,Neoanaerotignum_A sp934256695,Gemmiger qucibialis,Evtepia gabavorous,,Dialister hominis,Streptococcus salivarius_D
,Bacteroides uniformis,Lachnospira sp900551945,Limisoma sp000437795,Lachnospira hominis,,Vescimonas sp003487665,Megamonas funiformis
,CAG-170 sp900553545,Sellimonas intestinalis,Alistipes communis,Schaedlerella hominis,,Pseudobutyricicoccus sp016901775,Agathobacter faecis
,Faecalibacterium taiwanense,Dialister hominis,Dorea_A amylophila,Faecousia intestinalis,,Bacteroides uniformis,Oscillibacter segnis
,Eubacterium_U album,Blautia_A intestinalis,Faecalitalea cylindroides,Neoanaerotignum_A sp934256695,,CAG-170 sp900553545,Eubacterium_G sp000435815
,CAG-303 sp000437755,Bacteroides uniformis,CAG-177 sp003514385,Lachnospira sp900551945,,Odoribacter splanchnicus,Romboutsia timonensis
,Acetatifactor acetigignens,Odoribacter splanchnicus,Megamonas funiformis,Sellimonas intestinalis,,Faecalibacterium taiwanense,
,Prevotella sp900313215,Eubacterium_U album,Streptococcus salivarius_D,CAG-103 sp000432375,,Romboutsia timonensis,
,Weissella cibaria,CAG-303 sp000437755,Agathobacter faecis,Dialister hominis,,Limivivens sp905214955,
,Prevotella sp000434975,Acetatifactor acetigignens,Oscillibacter segnis,Blautia_A intestinalis,,Eubacterium_U album,
,Claveliimonas ammoniilytica,Prevotella sp900313215,Eubacterium_G sp000435815,Vescimonas sp003487665,,Acetatifactor acetigignens,
,Gemmiger formicilis,Haemophilus_D sp902482195,Romboutsia timonensis,Bacteroides uniformis,,Weissella cibaria,
,Blautia_A faecis,Prevotella sp000434975,,CAG-170 sp900553545,,Prevotella sp000434975,
,Hominicoprocola sp900317525,Claveliimonas ammoniilytica,,Odoribacter splanchnicus,,Claveliimonas ammoniilytica,
,Lawsonibacter sp900549405,Gemmiger formicilis,,Faecalibacterium taiwanense,,Gemmiger formicilis,
,Bacteroides stercoris,Hominicoprocola sp900317525,,Eubacterium_U album,,Blautia_A faecis,
,Gemmiger qucibialis,Lawsonibacter sp900549405,,CAG-303 sp000437755,,Lawsonibacter sp900549405,
,Faecalibacterium sp900539945,Bacteroides stercoris,,Acetatifactor acetigignens,,Gemmiger qucibialis,
,Limisoma sp000437795,Gemmiger qucibialis,,Prevotella sp900313215,,Faecalibacterium sp900539945,
,Alistipes communis,Limisoma sp000437795,,CAG-269 sp900551615,,Limisoma sp000437795,
,Streptococcus ilei,Alistipes communis,,Prevotella sp000434975,,Alistipes communis,
,Dorea_A amylophila,Dorea_A amylophila,,Claveliimonas ammoniilytica,,Dorea_A amylophila,
,Faecalitalea cylindroides,Faecalitalea cylindroides,,Gemmiger formicilis,,Streptococcus ilei,
,CAG-177 sp003514385,CAG-177 sp003514385,,Blautia_A faecis,,Faecalitalea cylindroides,
,Megamonas funiformis,Megamonas funiformis,,Hominicoprocola sp900317525,,CAG-177 sp003514385,
,Streptococcus salivarius_D,Phocaeicola massiliensis,,Lawsonibacter sp900549405,,Agathobacter faecis,
,Phocaeicola massiliensis,Agathobacter faecis,,Bacteroides stercoris,,Oscillibacter segnis,
,Agathobacter faecis,CAG-302 sp000431795,,Gemmiger qucibialis,,Jutongia huaianensis,
,Oscillibacter segnis,Oscillibacter segnis,,Limisoma sp000437795,,,
,Eubacterium_G sp000435815,Eubacterium_G sp000435815,,Alistipes communis,,,
,Romboutsia timonensis,Romboutsia timonensis,,Streptococcus ilei,,,
,,,,Dorea_A amylophila,,,
,,,,Faecalitalea cylindroides,,,
,,,,CAG-177 sp003514385,,,
,,,,Megamonas funiformis,,,
,,,,Streptococcus salivarius_D,,,
,,,,Agathobacter faecis,,,
,,,,CAG-302 sp000431795,,,
,,,,Oscillibacter segnis,,,
,,,,Eubacterium_G sp000435815,,,
,,,,Romboutsia timonensis,,,
