Tool,Directory,Filename,Largest,Total,N50
OPERA_MS_POLISH,2118,genome.nextpolish.fasta,534441,190878774,12023
OPERA_MS_POLISH,8366,genome.nextpolish.fasta,1554932,533403974,78749
OPERA_MS_POLISH,5178,genome.nextpolish.fasta,999118,209199436,35428
OPERA_MS_POLISH,3068,genome.nextpolish.fasta,1184687,326292290,4014
OPERA_MS_POLISH,942,genome.nextpolish.fasta,2365085,264512893,52149
OPERA_MS_POLISH,8915,genome.nextpolish.fasta,2338978,555041867,62459
OPERA_MS_POLISH,4143,genome.nextpolish.fasta,1584992,435560262,52237
OPERA_MS_POLISH,934,genome.nextpolish.fasta,1298631,563334031,18239
OPERA_MS_POLISH,8373,genome.nextpolish.fasta,1915733,503004161,39785
raven1.8.3_sr,3068,genome.nextpolish.fasta,2197958,110012488,99191
raven1.8.3_sr,8915,genome.nextpolish.fasta,2400156,367787609,172371
raven1.8.3_sr,4143,genome.nextpolish.fasta,2140688,242153472,145630
raven1.8.3_sr,934,genome.nextpolish.fasta,2233763,154780054,196643
raven1.8.3_sr,2118,genome.nextpolish.fasta,2891673,64862197,275326
raven1.8.3_sr,5178,genome.nextpolish.fasta,2027405,123754193,266917
raven1.8.3_sr,942,genome.nextpolish.fasta,2384195,147677114,253758
raven1.8.3_sr,8366,genome.nextpolish.fasta,2871937,326267520,229473
raven1.8.3_sr,8373,genome.nextpolish.fasta,3519304,252977520,181872
flye2.8.3_sr,8373,genome.nextpolish.fasta,3091967,364269795,229904
flye2.8.3_sr,3068,genome.nextpolish.fasta,2204022,140814075,73884
flye2.8.3_sr,934,genome.nextpolish.fasta,2291597,220549828,186701
flye2.8.3_sr,942,genome.nextpolish.fasta,5291761,214455917,396344
flye2.8.3_sr,4143,genome.nextpolish.fasta,4289197,343717338,172563
flye2.8.3_sr,2118,genome.nextpolish.fasta,2173922,104141257,110309
flye2.8.3_sr,5178,genome.nextpolish.fasta,3396561,180115081,320551
flye2.8.3_sr,8915,genome.nextpolish.fasta,4340322,508488475,238668
flye2.8.3_sr,8366,genome.nextpolish.fasta,4212861,427207571,343468
flye2.9.6_sr,942,genome.nextpolish.fasta,4974949,231074464,296088
flye2.9.6_sr,934,genome.nextpolish.fasta,2294317,282710602,72638
flye2.9.6_sr,3068,genome.nextpolish.fasta,2201834,219630587,25236
flye2.9.6_sr,2118,genome.nextpolish.fasta,2074104,146446304,33450
flye2.9.6_sr,8915,genome.nextpolish.fasta,3572623,573823034,205374
flye2.9.6_sr,4143,genome.nextpolish.fasta,3599896,399136137,127928
flye2.9.6_sr,8366,genome.nextpolish.fasta,3744548,473249919,312483
flye2.9.6_sr,5178,genome.nextpolish.fasta,2996511,213886487,193199
flye2.9.6_sr,8373,genome.nextpolish.fasta,3104432,408490425,180870
raven1.8.3,5178,5178_raven_contigs.fasta,2026535,123662966,266664
raven1.8.3,942,942_raven_contigs.fasta,2381154,147606031,253683
raven1.8.3,8915,8915_raven_contigs.fasta,2393268,367449823,172839
raven1.8.3,4143,4143_raven_contigs.fasta,2140491,241901726,144920
raven1.8.3,2118,2118_raven_contigs.fasta,2891171,64849312,275321
raven1.8.3,8366,8366_raven_contigs.fasta,2871799,325968203,229416
raven1.8.3,934,934_raven_contigs.fasta,2233197,154610047,198072
raven1.8.3,3068,3068_raven_contigs.fasta,2197284,109950083,99137
raven1.8.3,8373,8373_raven_contigs.fasta,3519063,252685057,181802
flye2.9.6,8366,8366_assembly.fasta,3744249,473334904,312329
flye2.9.6,3068,3068_assembly.fasta,2201656,219688657,25171
flye2.9.6,8373,8373_assembly.fasta,3103958,408622443,180860
flye2.9.6,2118,2118_assembly.fasta,2074096,146494257,33463
flye2.9.6,8915,8915_assembly.fasta,3572135,573948977,205342
flye2.9.6,942,0942_assembly.fasta,4974494,231143622,296064
flye2.9.6,934,934_assembly.fasta,2293946,282855006,72592
flye2.9.6,5178,5178_assembly.fasta,2995845,213949623,193179
flye2.9.6,4143,4143_assembly.fasta,3599243,399247233,127755
flye2.8.3,5178,assembly.fasta,3395914,180150738,313655
flye2.8.3,934,assembly.fasta,2291218,220646991,186633
flye2.8.3,8915,assembly.fasta,4340227,508663133,238642
flye2.8.3,3068,assembly.fasta,2203832,140835267,73913
flye2.8.3,8373,assembly.fasta,3091800,364449427,229976
flye2.8.3,942,assembly.fasta,5291575,214555452,395717
flye2.8.3,4143,assembly.fasta,4289053,343864375,172775
flye2.8.3,8366,assembly.fasta,4212596,427327651,343451
flye2.8.3,2118,assembly.fasta,2173980,104176873,110311
MyLoasm_sr,8915,genome.nextpolish.fasta,5724753,696446577,328321
MyLoasm_sr,3068,genome.nextpolish.fasta,2975984,244313587,38452
MyLoasm_sr,934,genome.nextpolish.fasta,3910595,323146369,95483
MyLoasm_sr,2118,genome.nextpolish.fasta,3273670,175306397,40061
MyLoasm_sr,4143,genome.nextpolish.fasta,4866392,484036732,151765
MyLoasm_sr,8373,genome.nextpolish.fasta,6301173,516064888,214724
MyLoasm_sr,942,genome.nextpolish.fasta,7976906,315324436,291844
MyLoasm_sr,5178,genome.nextpolish.fasta,3714396,248845475,229280
MyLoasm_sr,8366,genome.nextpolish.fasta,7443906,580693071,792463
HybridSPAdes,2118,scaffolds.fasta,624214,214714626,13219
HybridSPAdes,3068,scaffolds.fasta,1166562,376301054,4467
HybridSPAdes,5178,scaffolds.fasta,1334991,225061798,23748
HybridSPAdes,934,scaffolds.fasta,1422490,589538249,21377
HybridSPAdes,942,scaffolds.fasta,4521298,264999337,22334
HybridSPAdes,8366,scaffolds.fasta,1668953,455435858,40215
HybridSPAdes,8373,scaffolds.fasta,1567318,522905014,22940
HybridSPAdes,4143,scaffolds.fasta,2384676,439606421,32419
HybridSPAdes,8915,scaffolds.fasta,1601472,560325353,24835
MetaMDBG_sr,8373,genome.nextpolish.fasta,3355327,376518980,156259
MetaMDBG_sr,8915,genome.nextpolish.fasta,4237280,526023435,207571
MetaMDBG_sr,5178,genome.nextpolish.fasta,2383093,133733790,33048
MetaMDBG_sr,3068,genome.nextpolish.fasta,677681,104399390,18071
MetaMDBG_sr,942,genome.nextpolish.fasta,4987678,236930547,320359
MetaMDBG_sr,934,genome.nextpolish.fasta,2379661,158204255,29219
MetaMDBG_sr,2118,genome.nextpolish.fasta,1193494,68552394,20081
MetaMDBG_sr,8366,genome.nextpolish.fasta,4388842,458009396,375363
MetaMDBG_sr,4143,genome.nextpolish.fasta,3467179,356447908,117849
MyLoasm,8366,assembly_primary.fa,7442962,580408260,792384
MyLoasm,5178,assembly_primary.fa,3713031,248517089,229120
MyLoasm,8915,assembly_primary.fa,5724753,696446577,328321
MyLoasm,3068,assembly_primary.fa,2976152,243997889,38445
MyLoasm,8373,assembly_primary.fa,6301184,515627654,215017
MyLoasm,4143,assembly_primary.fa,4865907,483647666,151858
MyLoasm,2118,assembly_primary.fa,3273298,175187785,40070
MyLoasm,942,assembly_primary.fa,7975891,315092976,291655
MyLoasm,934,assembly_primary.fa,3908989,322424828,95339
MetaMDBG,3068,contigs.fasta.gz,677681,104399390,18071
MetaMDBG,5178,contigs.fasta.gz,2382900,133642088,33027
MetaMDBG,8373,contigs.fasta.gz,3354740,376314500,156247
MetaMDBG,2118,contigs.fasta.gz,1193770,68539023,20078
MetaMDBG,8366,contigs.fasta.gz,4388842,458009396,375363
MetaMDBG,8915,contigs.fasta.gz,4236891,525778140,207681
MetaMDBG,934,contigs.fasta.gz,2378991,158051288,29210
MetaMDBG,4143,contigs.fasta.gz,3467312,356260627,117781
MetaMDBG,942,contigs.fasta.gz,4987240,236797600,326314
