metaflye_2_8_3_contamination,metaflye_2_8_3_sr_contamination,metaflye_2_9_6_contamination,metaflye_2_9_6_sr_contamination,metaMDBG_contamination,metaMDBG_sr_contamination,myloasm_contamination,myloasm_sr_contamination,opera_ms_contamination,raven_contamination,raven_sr_contamination,hybridspades_contamination
4.77,2.75,1.82,0.53,0.06,3.95,2.55,8.99,2.47,4.66,0.18,0.0
4.68,0.14,3.14,3.21,2.01,0.58,3.76,0.38,2.07,4.21,8.73,0.18
7.63,3.37,8.61,0.37,1.16,2.63,5.53,0.48,1.83,7.27,3.45,0.0
0.51,6.55,4.62,3.67,3.36,2.51,6.02,6.38,0.08,3.9,2.78,0.82
5.43,0.36,3.47,1.83,1.22,6.57,3.65,2.45,8.56,0.29,2.7,3.75
3.35,1.33,4.26,2.75,5.31,7.94,1.41,6.28,0.05,3.22,1.16,0.0
2.13,0.53,6.62,2.42,5.73,4.83,5.27,4.63,8.67,3.7,3.06,4.97
1.23,2.19,1.47,5.91,4.09,8.34,5.78,4.49,0.37,6.81,5.44,1.43
2.51,2.17,2.15,2.28,7.64,7.78,7.6,4.49,0.58,8.83,0.13,8.27
4.41,0.01,6.45,7.56,6.57,1.18,3.7,8.26,7.92,5.82,3.95,1.04
3.07,0.41,1.95,5.38,1.27,7.33,4.27,7.35,1.33,9.9,9.96,7.27
2.29,6.4,2.37,2.84,1.71,3.46,3.25,2.42,4.78,6.57,9.74,0.11
2.48,6.01,3.05,6.14,1.41,4.22,1.79,0.0,0.99,3.95,1.26,0.34
6.26,3.47,7.62,1.97,2.8,3.91,3.84,7.13,4.2,2.03,4.7,7.57
2.27,0.0,1.28,5.49,3.1,4.59,3.14,2.12,0.95,3.03,0.21,0.58
7.38,9.34,4.46,1.48,4.35,4.63,4.55,3.0,3.3,0.84,1.56,0.28
4.07,1.26,2.91,2.85,4.18,3.66,2.95,2.63,1.34,3.07,8.16,0.32
3.82,2.61,2.34,2.13,1.81,5.0,4.03,1.84,1.83,7.2,1.79,2.06
9.65,0.22,5.48,3.95,4.63,3.9,2.79,3.67,2.09,7.12,1.49,1.4
7.34,0.02,1.29,4.23,2.23,0.94,4.84,1.38,2.47,3.72,5.05,6.98
5.65,2.83,2.97,4.52,0.03,0.22,5.33,1.54,1.86,4.62,0.2,1.94
4.14,2.45,1.17,1.46,3.72,4.16,3.63,7.17,0.14,1.72,4.3,0.12
5.0,1.53,5.78,3.35,5.01,4.15,4.06,0.21,0.21,2.07,0.81,1.3
2.89,4.19,2.08,2.17,0.21,1.48,6.83,3.45,1.55,3.44,5.91,0.01
3.93,0.81,3.96,7.34,3.26,1.95,4.13,0.22,1.54,4.04,3.66,0.17
1.46,1.37,6.12,2.93,6.59,7.36,4.11,3.62,9.52,7.7,1.69,6.32
2.2,0.0,0.53,1.76,7.38,1.43,3.53,4.56,0.11,6.66,0.45,5.0
2.98,2.88,5.49,2.19,0.35,2.48,2.57,3.87,0.97,8.54,2.62,3.57
4.52,0.57,0.8,0.58,0.98,0.63,3.23,7.46,2.86,4.48,0.43,0.07
5.33,0.39,9.95,2.44,9.4,0.89,2.08,0.55,3.07,5.16,1.58,1.71
2.58,4.23,2.8,1.44,9.64,0.18,4.32,0.09,1.01,8.13,3.03,3.16
2.28,3.75,0.62,2.87,0.82,2.28,5.86,1.67,0.4,2.86,5.4,2.46
3.39,0.01,0.8,9.85,2.13,4.22,5.44,6.5,2.13,2.03,1.87,0.01
8.77,0.24,2.35,8.37,9.28,1.39,8.82,4.27,0.09,4.35,0.19,0.87
3.07,4.16,1.23,2.85,7.33,2.48,2.23,2.36,3.92,5.31,4.78,2.72
2.01,3.48,1.89,0.82,1.62,0.09,4.35,0.28,0.0,4.19,1.45,3.27
6.37,1.3,4.56,3.73,3.54,1.78,4.57,3.36,0.27,4.21,8.51,0.68
1.63,5.65,0.16,2.66,1.02,1.31,7.13,0.37,0.02,3.28,5.69,2.51
7.79,1.58,0.09,1.77,3.99,0.76,3.5,0.81,0.28,5.38,5.08,0.38
5.93,8.05,3.6,2.72,4.75,4.37,0.24,6.85,6.24,4.65,2.45,7.38
3.07,1.05,1.46,2.47,5.47,0.45,3.48,4.15,4.26,5.27,5.29,3.0
5.2,8.69,4.35,7.41,2.44,2.21,8.43,1.94,0.06,5.6,4.27,3.06
2.44,1.22,2.61,0.28,1.07,3.8,2.39,1.08,3.4,3.71,1.49,1.1
7.72,6.03,1.35,0.0,0.42,2.93,5.95,0.2,0.33,3.86,4.79,2.66
3.76,2.27,1.51,0.07,6.12,1.56,9.5,7.75,0.14,8.02,2.19,0.53
3.56,1.45,5.64,0.45,0.06,1.22,4.3,0.98,7.21,7.74,1.09,1.18
0.19,6.0,4.53,0.24,8.21,2.3,9.4,2.36,0.11,6.33,2.4,1.82
1.31,1.15,1.19,5.02,5.47,4.23,8.31,2.26,0.05,7.32,3.7,1.37
3.7,8.9,2.86,0.27,0.78,2.8,9.03,0.45,2.3,3.61,9.32,4.11
0.75,0.11,2.89,0.07,1.68,0.0,8.85,1.28,0.2,5.37,2.95,0.52
5.08,7.16,4.77,1.31,3.14,5.04,1.31,8.57,0.65,9.9,6.02,2.96
7.1,3.57,5.65,9.81,2.26,0.33,4.61,5.62,2.39,3.1,0.52,0.76
5.46,0.21,2.4,6.94,5.45,0.45,4.27,0.16,3.0,5.27,5.5,0.02
4.45,1.4,0.32,1.5,1.13,3.0,6.22,3.93,0.03,6.18,4.05,0.0
8.8,9.12,3.41,4.05,9.86,4.85,7.04,2.29,1.49,2.75,2.67,4.47
6.91,0.66,6.24,3.45,0.71,1.81,3.23,9.46,0.3,9.4,9.21,1.13
6.35,0.37,9.2,1.87,1.26,5.49,2.57,7.26,0.78,2.64,3.65,2.99
2.26,0.14,4.2,1.34,1.65,9.82,6.58,3.08,3.14,4.98,3.18,1.1
3.61,6.39,2.37,0.11,0.25,0.14,4.3,4.11,0.82,3.06,1.29,2.28
3.0,0.19,1.22,9.84,0.73,0.1,4.07,2.44,0.17,2.38,0.46,6.86
3.81,3.71,4.11,5.67,6.7,0.94,4.2,6.52,6.73,0.84,4.72,0.05
5.58,0.06,7.19,6.77,0.4,0.74,0.02,1.53,9.11,6.23,0.34,8.95
2.57,2.17,4.45,4.24,0.16,1.42,6.46,1.08,0.32,3.28,7.75,2.56
6.45,0.03,2.07,1.02,1.29,6.87,9.07,6.36,1.62,1.58,2.94,3.03
2.65,0.57,8.88,6.7,3.66,6.49,3.28,2.2,1.01,7.98,5.29,4.39
4.73,0.42,3.62,4.64,4.18,0.09,0.09,0.66,6.56,9.44,1.76,1.41
5.57,0.15,0.79,0.78,3.28,3.12,0.64,3.67,0.58,9.19,2.3,2.95
8.69,2.02,2.29,8.91,3.26,6.27,4.81,5.15,0.48,3.99,5.14,2.57
0.43,1.0,8.16,1.71,1.95,1.52,5.78,6.43,0.92,2.53,3.31,1.66
3.01,6.04,3.82,6.79,0.07,1.79,5.17,2.9,0.43,5.42,6.68,1.75
3.36,1.58,0.07,3.46,6.95,1.0,4.64,0.35,0.32,2.1,6.36,0.56
9.37,3.71,2.94,0.5,1.6,0.99,5.66,1.97,0.11,0.82,4.07,1.02
5.48,2.67,3.56,3.64,0.42,0.55,1.9,7.9,2.19,2.94,0.9,2.99
3.69,5.82,0.97,0.97,0.93,3.47,2.46,6.63,0.57,0.11,2.09,0.84
4.5,0.24,0.13,1.15,4.48,3.63,5.73,4.39,1.59,3.61,0.88,0.06
3.67,6.13,2.12,2.3,5.19,0.11,0.63,1.81,3.28,7.77,0.54,4.81
0.15,2.47,4.26,2.19,4.91,3.75,6.36,6.39,3.26,6.03,0.22,0.37
2.44,2.95,3.17,0.21,3.72,1.43,3.23,0.36,0.07,5.11,2.05,0.42
0.14,3.69,3.01,2.33,0.23,0.78,4.12,1.31,0.12,5.31,2.19,0.71
3.37,1.9,5.6,3.8,4.22,1.24,4.18,9.8,0.33,3.51,8.03,0.86
2.55,0.14,6.26,5.59,0.24,0.37,7.41,4.84,0.01,7.86,0.08,4.61
0.23,0.66,5.26,5.79,2.09,4.7,4.35,3.84,1.4,7.23,4.34,0.36
6.13,6.38,5.97,2.56,4.12,8.83,1.02,3.41,0.11,3.04,3.14,2.34
1.66,0.39,9.77,8.37,0.49,5.76,4.9,1.08,0.58,2.28,0.16,4.25
2.94,1.17,3.47,0.51,5.61,0.51,1.76,3.7,3.49,2.72,2.24,4.68
0.07,0.34,3.87,4.63,1.68,0.88,1.6,5.94,3.89,9.71,9.78,2.63
4.05,5.42,4.12,1.04,1.73,1.79,6.13,0.0,1.32,3.44,6.25,6.6
1.99,1.76,4.96,7.06,3.73,7.48,8.35,5.9,0.35,4.82,5.9,3.37
0.95,2.37,3.88,5.32,2.82,1.95,1.18,3.9,1.64,2.78,3.87,3.99
6.47,0.36,0.84,9.0,6.86,0.89,7.9,1.78,0.78,6.66,3.78,3.36
4.34,3.57,6.01,0.62,9.25,4.6,3.83,0.35,0.24,4.38,0.85,0.81
1.69,0.3,1.36,0.08,6.58,1.38,5.29,3.3,4.01,2.46,2.02,3.96
3.44,2.97,2.15,5.01,5.48,0.54,2.36,8.8,0.39,8.59,2.23,0.26
2.65,7.36,6.93,3.04,4.83,5.33,3.67,4.44,4.81,1.95,6.33,5.67
6.27,0.03,1.55,4.89,8.8,0.4,1.18,1.78,4.24,3.1,8.72,6.05
1.99,1.7,9.76,8.48,4.1,9.23,1.52,4.83,5.97,1.18,6.17,2.59
6.83,3.71,4.7,6.66,4.65,0.53,3.0,1.34,0.71,2.51,3.55,3.06
6.64,1.46,0.8,4.74,1.85,0.12,4.28,0.02,1.91,3.12,3.86,0.09
4.75,2.71,3.24,6.06,4.99,0.58,8.9,1.43,2.34,0.94,1.03,0.04
2.13,2.6,5.0,3.12,1.3,0.5,6.38,2.05,0.79,4.66,4.08,1.74
0.57,0.23,1.57,0.39,4.52,2.36,8.78,0.45,0.03,8.37,5.39,7.73
0.93,8.22,0.33,7.07,3.12,0.03,8.48,3.38,2.22,9.94,0.43,0.03
8.99,1.24,5.41,4.79,3.56,0.58,8.65,0.29,0.84,2.35,7.19,1.21
3.46,4.28,6.36,4.21,6.45,0.83,0.17,0.09,0.03,6.17,3.85,2.91
6.7,0.0,0.49,0.73,3.78,9.63,3.54,0.42,0.0,3.5,1.43,5.05
7.47,2.23,3.34,0.15,3.45,0.38,4.07,1.35,0.95,3.04,3.38,3.99
3.22,5.02,2.48,1.02,5.26,4.59,0.0,1.18,4.94,6.05,0.3,8.19
6.52,4.35,3.25,0.89,2.49,0.53,3.25,4.45,0.15,3.12,1.02,3.58
0.46,0.0,0.12,0.14,6.45,0.44,1.07,0.79,3.81,7.38,3.17,2.12
3.92,6.94,0.57,5.01,2.92,2.3,6.39,4.01,0.77,2.49,4.14,0.44
3.49,2.57,7.09,2.45,6.36,0.73,7.59,7.15,0.4,6.38,7.01,0.27
5.26,5.76,4.96,6.15,2.56,1.78,7.01,0.14,2.09,3.97,6.62,3.58
3.49,4.78,1.7,2.48,3.65,9.37,4.48,2.22,1.68,6.26,8.29,0.46
0.0,1.94,1.47,0.89,8.47,0.79,4.92,2.31,2.53,7.53,0.04,0.32
8.94,2.06,5.0,3.3,9.79,0.05,4.78,3.94,2.76,3.95,1.49,0.5
0.79,6.42,6.1,1.13,1.83,0.48,3.83,0.58,0.79,4.83,2.25,7.06
4.93,2.8,0.05,0.43,5.28,1.07,9.54,4.24,0.02,6.99,7.6,1.35
2.76,1.86,8.23,7.04,1.14,0.24,3.54,5.9,0.17,5.31,3.53,0.21
0.09,0.26,3.24,0.77,1.41,2.05,1.24,0.33,0.86,4.63,0.12,4.55
0.23,0.0,4.43,0.6,0.04,2.55,2.47,3.39,0.11,8.04,0.65,4.18
5.82,1.05,0.23,3.97,0.4,2.88,0.22,3.93,0.06,1.78,1.42,3.6
4.39,1.16,5.69,1.91,6.99,0.07,5.25,0.31,1.26,7.18,5.8,1.89
0.29,0.69,0.09,4.23,2.94,0.82,7.04,2.56,0.59,9.04,0.2,6.07
6.86,0.08,5.2,2.06,2.35,5.42,6.86,5.56,2.97,5.2,2.5,1.52
6.73,0.93,0.16,8.45,4.22,0.09,0.71,6.11,1.85,4.81,8.32,0.48
0.48,0.02,2.81,4.12,4.87,0.01,1.74,0.58,0.9,5.79,8.52,1.1
0.41,3.37,3.2,3.09,4.1,3.27,5.06,2.5,4.2,8.79,1.52,0.48
1.58,0.63,2.19,7.48,5.24,0.36,4.44,6.09,6.84,5.88,2.07,0.67
1.23,0.08,4.41,5.88,1.04,0.29,3.02,0.31,7.55,4.06,7.74,5.22
8.11,2.83,1.13,1.26,8.91,0.02,7.42,3.1,0.02,7.75,5.07,3.07
1.84,3.6,7.97,0.62,1.66,6.56,1.84,0.82,2.72,0.74,7.5,0.21
4.96,4.28,3.05,3.16,4.46,0.99,4.03,1.47,2.0,3.8,3.81,2.67
5.07,2.06,0.71,6.1,3.36,1.25,6.19,5.73,1.93,1.52,2.06,0.08
0.85,0.98,2.09,2.41,9.4,3.31,3.1,0.67,0.89,5.47,7.96,1.23
0.98,0.79,2.54,0.86,3.57,7.86,5.05,4.38,2.74,0.6,0.15,3.79
1.18,3.37,0.58,0.5,1.28,0.1,3.63,7.33,4.13,8.5,6.85,3.0
8.22,2.71,4.06,0.65,5.98,0.26,0.7,8.2,1.3,9.01,1.93,1.18
4.79,2.11,0.48,6.54,1.99,0.04,6.06,2.66,0.2,7.83,6.93,1.52
5.58,6.08,0.68,0.84,2.8,0.51,2.28,1.78,1.18,4.78,1.77,0.04
2.36,2.33,9.79,3.67,5.22,0.05,3.44,2.0,0.04,2.75,0.29,9.85
4.2,6.38,5.03,7.04,3.21,0.38,8.64,3.46,1.59,6.71,0.27,3.64
7.68,0.29,0.2,4.07,1.76,3.7,1.65,0.0,1.16,0.91,1.86,5.74
1.33,0.19,1.75,0.37,2.69,2.79,0.31,3.27,1.65,5.21,6.94,1.94
2.16,3.92,7.03,7.95,4.83,0.21,6.96,8.69,0.19,1.74,0.99,0.47
2.31,1.96,6.73,1.1,0.05,1.83,1.0,4.93,0.39,5.08,3.41,3.7
1.02,4.69,1.38,0.01,1.08,5.85,1.2,8.22,0.38,8.82,8.82,1.57
1.46,0.93,4.85,0.92,0.39,0.68,2.92,4.08,0.58,8.55,4.14,2.56
1.87,0.33,4.19,1.48,2.05,0.88,6.12,7.69,8.54,5.09,4.61,1.09
0.94,1.07,1.03,3.6,2.54,1.54,4.42,2.62,0.78,6.69,1.94,3.94
4.8,7.8,1.92,0.03,2.35,5.94,0.17,2.76,0.07,4.52,0.87,2.14
1.06,1.07,4.2,1.33,2.79,1.6,5.64,7.45,0.67,8.33,0.71,4.69
4.45,1.36,5.53,0.19,1.37,0.02,2.91,0.17,7.93,8.07,0.31,1.83
4.43,0.0,1.74,0.6,1.13,9.49,1.48,8.24,3.6,6.42,3.66,0.79
6.15,0.48,6.18,1.82,2.21,4.12,9.38,0.58,0.39,1.93,1.62,0.0
6.1,1.88,5.51,2.94,3.37,4.1,0.23,3.14,9.97,3.98,0.64,1.09
3.21,3.18,2.65,0.47,0.46,1.35,0.2,5.6,0.87,9.21,0.56,0.95
5.05,9.3,1.71,0.44,0.83,3.41,8.39,2.19,1.55,9.13,3.53,2.65
0.77,5.97,6.3,2.47,0.52,5.06,2.51,5.73,0.02,0.14,7.19,2.19
0.49,9.5,1.76,4.82,2.14,3.57,5.69,2.65,1.22,6.92,6.18,2.13
1.64,1.34,4.29,1.42,4.52,4.17,1.83,5.18,0.0,0.67,5.31,0.2
8.24,1.4,1.19,0.28,2.45,5.11,1.46,0.53,3.0,5.71,1.15,1.41
3.04,0.22,1.08,0.63,4.64,4.42,1.91,0.28,0.37,3.78,0.01,3.06
4.53,0.08,0.28,0.67,1.56,3.95,8.82,3.33,1.5,3.33,2.98,0.29
8.64,2.94,4.75,2.93,3.1,4.08,0.77,0.24,5.37,1.42,2.17,3.27
5.88,4.17,0.52,0.05,6.51,6.36,3.16,0.37,0.01,3.8,1.66,1.75
2.79,1.83,7.75,1.9,2.13,7.84,7.84,0.97,3.03,2.51,1.49,1.76
5.12,1.98,1.68,2.73,0.38,6.74,4.71,0.82,0.33,3.85,5.4,0.26
2.78,5.78,2.31,0.93,0.16,5.84,4.52,6.13,0.33,6.78,0.0,3.1
4.76,0.62,7.41,0.56,2.53,1.55,1.6,0.44,1.46,1.32,0.41,3.12
0.74,4.22,6.41,0.0,1.4,2.19,2.21,0.21,0.08,0.57,3.63,0.8
6.72,0.62,1.16,1.47,4.58,5.28,0.33,4.45,4.28,7.44,2.78,1.83
1.43,0.25,1.19,2.89,2.84,4.43,1.59,1.06,1.52,3.54,3.35,4.41
0.38,1.55,0.05,5.09,2.78,3.91,5.25,8.23,1.96,3.66,0.84,2.5
2.06,6.01,9.06,0.43,0.38,4.72,0.61,0.86,0.37,9.3,0.01,1.6
3.83,3.44,0.15,2.88,4.42,1.63,4.3,9.03,0.21,8.95,3.82,1.1
1.29,0.52,4.31,8.46,3.03,4.19,2.62,4.26,0.01,4.06,2.13,0.15
2.17,8.21,0.64,3.25,4.95,4.09,8.82,4.11,4.92,2.46,0.71,0.11
3.74,2.13,2.62,3.27,1.95,3.69,3.55,0.58,8.23,8.64,3.24,0.54
3.62,7.04,6.01,3.0,6.65,4.67,3.26,1.32,3.65,0.71,6.68,0.84
1.65,0.39,1.51,0.81,0.4,7.15,5.44,0.29,0.03,8.39,2.29,1.17
2.6,8.74,2.73,4.23,1.01,2.47,3.36,0.33,4.24,5.36,7.02,3.14
6.73,3.41,2.9,4.94,2.05,7.0,6.05,4.2,0.8,5.39,0.03,2.08
2.66,0.28,1.71,4.52,1.39,0.89,3.17,7.64,6.14,9.82,0.51,1.84
1.75,4.96,2.9,4.17,4.38,4.49,1.6,5.38,0.21,0.72,3.26,1.4
2.83,0.63,9.87,5.5,1.71,3.01,7.61,7.27,0.37,0.95,8.29,0.05
5.17,1.95,4.36,3.23,4.11,4.34,0.68,2.95,1.28,4.66,8.38,0.67
8.51,1.38,3.07,0.66,8.84,0.77,0.28,0.99,4.26,0.55,5.23,0.2
1.68,0.16,5.02,9.3,5.84,3.26,9.99,7.49,0.12,0.99,2.01,1.69
2.19,0.31,9.15,2.39,3.26,3.75,8.81,5.21,0.0,0.45,3.2,0.5
6.55,1.93,0.79,2.64,4.09,3.17,2.09,2.8,0.32,1.54,9.55,1.37
2.32,2.32,4.55,1.76,4.21,1.4,4.88,1.0,2.43,1.1,7.4,1.28
6.67,0.25,0.09,3.45,4.72,1.38,5.98,1.17,0.96,0.42,2.17,2.98
2.48,0.97,1.61,2.83,4.19,8.5,8.7,3.04,0.6,6.43,0.59,0.0
4.41,0.78,2.46,2.85,3.59,2.64,7.04,3.39,0.4,3.48,0.98,0.3
5.48,0.73,3.67,5.42,3.69,3.98,7.28,2.47,1.79,1.76,1.04,4.9
1.16,3.99,2.24,5.76,2.74,7.85,4.07,0.33,1.98,3.67,9.84,3.0
7.05,3.56,6.2,8.18,2.05,5.49,4.46,4.77,0.58,1.42,1.34,5.97
3.41,0.25,1.92,2.75,3.35,3.27,7.65,1.55,7.01,3.94,0.08,0.91
5.95,0.22,5.19,5.2,4.67,2.28,0.11,0.4,0.72,7.77,0.19,0.21
4.54,8.38,2.53,3.61,7.0,3.51,2.34,3.21,1.41,4.5,6.38,0.2
4.26,0.16,5.76,5.26,0.89,1.97,5.83,0.29,0.08,7.43,5.0,0.57
0.75,0.03,5.94,3.27,4.49,3.44,8.85,2.54,1.02,0.42,0.32,0.14
3.64,0.84,4.99,2.81,7.85,0.64,3.27,0.1,0.19,2.42,0.65,0.91
6.95,0.41,5.76,4.71,2.03,4.12,3.78,2.17,3.92,5.89,5.97,0.32
0.62,1.77,6.97,4.15,5.49,3.89,2.42,7.15,1.55,6.96,1.05,0.37
4.23,8.88,4.79,3.33,3.01,2.14,2.96,2.17,4.37,5.29,0.52,5.09
1.99,2.69,6.4,1.6,3.16,6.99,3.78,0.8,0.19,6.9,9.57,2.97
8.2,3.73,2.05,1.6,7.15,4.87,9.52,7.24,4.41,4.92,1.83,0.69
2.56,1.35,5.08,1.62,3.75,1.39,2.24,1.29,1.33,5.71,0.23,0.1
0.26,0.25,4.74,1.35,1.38,2.05,3.63,0.2,1.23,3.84,0.48,5.66
3.0,1.73,2.22,0.84,1.44,2.96,6.04,0.25,0.24,1.07,0.27,0.0
7.16,0.81,1.82,0.04,5.61,1.04,7.23,2.81,3.07,9.99,9.83,3.43
3.07,0.0,3.43,1.03,3.51,3.36,2.36,7.52,0.59,7.78,6.17,1.75
4.95,2.59,4.69,3.78,4.02,1.1,3.57,5.76,0.0,3.43,2.97,0.0
6.22,2.89,0.69,0.92,6.74,0.38,2.19,6.23,1.37,3.86,4.39,6.65
3.44,0.38,3.29,3.68,2.3,4.42,2.68,0.36,0.26,2.04,7.97,0.36
2.22,2.44,3.79,4.53,0.64,5.24,2.42,8.05,0.05,3.12,9.69,1.71
6.4,5.79,4.03,0.37,5.28,4.46,0.42,4.65,3.76,5.9,4.18,3.72
1.14,7.94,2.72,0.04,1.56,0.04,3.8,3.36,1.61,2.27,5.44,2.43
0.11,0.01,7.48,0.3,3.91,1.83,1.74,5.37,1.56,5.36,3.02,0.61
8.44,0.23,4.05,0.27,3.44,1.66,8.72,0.67,0.76,7.32,1.7,6.27
2.13,7.88,3.68,0.17,0.77,1.41,6.59,0.5,0.27,4.83,3.78,4.05
5.87,6.23,2.49,0.08,6.53,8.91,3.72,6.74,1.69,4.98,3.6,2.19
3.05,1.33,6.51,1.43,3.54,6.65,4.76,3.8,7.4,9.69,5.98,0.05
4.09,0.3,3.14,0.11,8.89,0.4,3.46,0.17,1.07,6.2,8.08,0.32
5.6,0.86,2.68,3.43,4.41,5.29,4.22,0.24,3.42,3.98,6.94,0.4
0.25,5.94,5.06,1.72,3.28,3.57,3.59,2.45,2.19,3.25,7.97,3.41
3.99,2.08,3.63,1.54,9.06,1.99,8.68,0.0,3.65,3.5,6.94,0.89
4.44,9.42,1.64,1.92,8.88,3.03,5.71,8.0,4.78,3.51,4.0,1.61
6.48,4.72,3.27,4.42,2.48,1.28,0.11,1.48,4.38,4.71,7.81,0.33
3.17,0.32,6.33,3.41,3.46,2.53,4.45,6.8,1.1,5.87,0.35,6.5
5.67,0.26,2.73,3.42,4.75,2.8,3.47,1.3,3.27,2.39,2.0,3.45
5.4,2.78,0.32,5.01,4.5,5.98,6.62,0.9,0.83,4.13,0.65,1.95
7.3,0.15,7.31,4.2,4.11,3.21,3.18,1.24,3.57,,5.9,1.66
0.91,2.66,4.66,2.79,5.43,5.22,2.75,7.53,5.47,,0.55,0.71
6.56,0.46,2.45,6.2,5.81,1.76,4.55,6.44,3.42,,4.33,0.03
6.04,0.33,2.54,0.9,7.91,2.69,0.5,4.2,2.64,,3.62,2.76
0.52,0.11,0.77,1.94,1.64,0.39,2.62,0.62,3.45,,4.31,5.9
3.84,0.32,4.76,4.88,2.25,1.08,5.33,1.1,0.36,,0.09,0.1
2.19,0.55,2.85,0.46,7.29,0.05,7.19,0.95,0.56,,2.02,4.7
4.98,2.42,5.33,1.94,4.67,2.05,4.96,2.79,2.72,,1.67,1.29
7.06,4.13,4.32,1.4,2.07,4.83,1.22,0.34,1.23,,2.22,0.18
1.1,0.37,1.37,4.74,3.47,2.79,7.22,1.49,5.77,,4.56,0.02
0.22,5.26,4.05,2.91,1.3,2.35,3.79,2.4,2.16,,2.17,0.02
4.55,2.13,7.65,0.33,2.09,6.59,4.97,0.29,2.99,,1.59,0.18
0.76,0.24,0.6,3.32,0.29,2.54,4.89,1.01,3.06,,4.63,2.7
9.54,0.1,0.92,2.75,1.98,4.64,3.38,0.97,5.32,,1.45,1.12
6.4,4.65,3.81,0.05,5.51,1.13,3.76,9.27,3.76,,0.47,0.98
3.02,0.29,3.04,3.43,6.8,2.21,7.72,0.66,0.14,,3.89,0.35
0.16,2.08,2.3,3.75,2.67,3.37,1.47,0.05,1.46,,3.32,0.04
3.52,3.33,7.6,2.81,2.23,9.4,8.38,2.63,2.98,,2.42,1.39
1.73,0.08,0.4,1.87,2.3,0.46,4.89,7.94,1.03,,4.23,1.69
3.15,4.2,1.78,0.69,0.7,2.84,5.85,2.44,2.42,,0.32,1.24
5.73,0.36,5.07,0.37,5.43,2.6,9.95,2.64,1.56,,3.51,0.5
1.93,0.19,3.55,0.06,1.8,0.52,4.03,0.69,7.21,,0.1,0.29
2.99,4.4,1.69,4.15,5.12,4.52,2.02,5.67,2.7,,3.36,3.35
4.32,0.16,5.33,0.0,2.88,2.45,3.39,3.4,3.2,,4.7,0.25
2.0,1.41,3.03,0.21,3.69,6.8,6.62,0.96,1.3,,1.47,0.19
0.59,2.19,6.34,1.37,0.83,1.01,2.95,0.23,1.48,,7.57,0.84
1.16,4.95,9.01,9.16,3.44,0.83,5.07,0.75,0.52,,2.15,1.8
0.28,2.72,1.31,1.1,6.49,1.4,0.15,3.67,0.15,,0.4,6.55
9.38,3.37,6.13,0.0,1.0,4.58,7.4,2.45,0.39,,3.71,1.65
0.71,4.37,5.97,2.28,4.97,2.48,4.65,1.57,2.23,,4.09,0.52
1.33,0.71,6.03,8.04,5.72,2.78,3.46,9.31,0.0,,0.01,2.28
2.68,3.9,3.61,4.35,1.56,8.47,3.33,3.59,0.7,,4.88,0.42
5.9,0.6,2.45,1.54,1.09,2.09,0.93,4.84,0.25,,6.8,8.75
3.26,0.18,1.84,0.52,6.3,4.14,0.4,0.3,2.57,,2.92,0.33
3.39,0.58,2.99,3.03,6.85,1.5,0.26,2.58,2.85,,0.14,1.84
2.26,0.57,2.42,0.31,2.0,1.37,0.47,7.27,0.0,,0.17,1.7
5.9,6.07,3.84,2.61,1.4,1.95,0.26,1.71,2.64,,1.75,2.07
0.36,1.95,2.81,3.26,1.12,0.4,3.09,2.15,0.48,,1.49,3.21
2.56,0.67,4.76,9.04,0.28,3.1,1.61,3.32,0.08,,5.1,4.27
0.4,1.91,4.91,1.08,0.19,8.83,3.73,5.69,3.67,,3.07,3.18
6.64,9.71,5.89,5.34,3.78,7.9,6.48,5.1,1.03,,3.9,0.0
0.74,2.57,3.8,3.26,0.97,4.89,3.52,2.83,0.27,,5.86,1.59
0.36,7.88,6.44,5.93,1.64,2.51,6.19,4.69,2.09,,8.86,2.9
2.67,0.98,9.18,7.41,5.24,7.69,4.66,3.74,0.17,,5.15,3.8
1.47,2.4,2.24,1.59,0.65,0.61,0.98,2.03,4.0,,1.2,0.34
0.06,1.41,2.54,7.4,1.31,1.77,0.69,1.9,0.75,,4.8,0.38
8.73,3.35,0.57,5.27,0.16,0.27,5.74,4.13,0.3,,7.38,0.02
3.59,1.49,3.7,0.11,1.15,6.74,5.06,0.0,0.51,,3.57,1.88
8.28,0.86,8.92,0.81,8.81,5.82,3.9,2.46,0.47,,4.51,2.78
6.69,3.87,4.67,3.9,2.81,6.6,4.64,4.87,0.96,,1.27,1.78
5.96,0.14,8.27,3.51,1.47,3.23,6.45,0.02,2.27,,0.71,1.04
0.2,5.91,6.62,6.54,6.36,2.63,4.48,0.38,1.62,,6.9,0.12
8.88,0.3,0.01,0.02,4.09,3.14,1.77,1.57,0.99,,1.02,2.46
4.84,0.49,7.14,2.18,2.35,2.7,7.68,6.79,1.47,,9.84,2.1
2.74,0.1,2.93,1.48,4.49,0.6,6.88,2.49,1.2,,4.51,2.12
5.01,7.27,5.1,0.31,7.46,0.02,5.74,0.03,5.19,,0.27,4.56
5.89,6.95,3.39,3.14,4.98,0.96,1.1,1.3,0.33,,2.49,1.67
6.84,1.04,7.68,0.92,3.53,1.98,5.74,1.59,2.15,,7.43,0.09
4.25,4.29,3.25,0.35,4.57,3.21,0.22,2.9,0.37,,2.91,0.09
0.95,7.37,8.79,0.04,2.72,0.73,8.06,3.18,0.19,,2.47,0.07
8.55,0.39,1.95,0.48,4.91,1.15,2.31,0.1,5.04,,0.48,0.84
0.33,2.9,6.24,1.49,0.78,4.37,7.36,0.28,4.28,,4.31,0.45
4.18,3.57,0.01,0.69,8.24,0.18,7.42,1.34,0.13,,,1.88
3.19,1.44,3.19,1.57,1.44,0.81,3.75,1.06,2.88,,,4.12
1.79,1.39,3.43,0.76,2.28,4.57,4.68,0.45,0.62,,,1.13
8.38,1.53,0.69,0.34,3.64,3.27,8.57,3.16,4.22,,,0.95
1.58,4.31,5.99,1.65,5.37,6.37,3.22,1.47,0.09,,,2.31
4.74,0.34,5.19,0.16,6.96,0.93,5.49,0.18,6.62,,,1.14
1.16,0.28,8.51,2.05,6.98,0.69,1.3,8.46,0.86,,,1.71
0.08,0.01,3.98,3.41,8.44,2.46,3.33,5.98,0.87,,,0.43
0.88,3.67,7.79,2.65,5.52,5.5,3.03,0.01,0.31,,,0.3
0.26,2.2,3.61,0.07,5.38,3.57,2.69,0.13,0.02,,,0.3
3.56,0.15,4.5,1.77,7.36,0.98,3.92,0.61,2.09,,,1.58
4.94,2.44,4.0,1.09,2.9,3.61,8.59,0.31,0.44,,,1.41
3.02,2.76,3.58,0.6,4.17,1.03,4.32,4.39,1.46,,,0.01
3.86,3.59,5.46,0.65,4.17,3.28,7.3,1.94,5.78,,,0.21
1.2,3.52,3.54,1.59,1.0,1.66,2.12,0.11,0.04,,,2.13
0.4,1.48,0.62,1.19,2.21,4.47,5.35,1.43,9.1,,,0.29
4.15,5.79,8.91,3.29,2.53,2.33,0.67,2.82,3.57,,,1.59
4.52,0.34,6.86,0.27,1.67,7.92,8.71,1.53,2.27,,,0.06
0.15,1.28,6.05,0.26,2.58,6.81,6.59,2.11,3.3,,,0.22
4.43,8.17,1.38,0.19,6.25,1.38,4.17,2.45,2.06,,,2.97
4.66,1.7,4.6,0.66,4.09,3.33,8.08,0.84,9.19,,,1.4
5.52,3.55,3.16,0.29,1.24,5.86,3.75,2.67,3.27,,,3.42
2.07,3.05,0.85,0.34,6.17,4.01,7.98,0.63,1.54,,,0.15
5.2,2.81,1.9,0.32,5.17,0.04,2.75,2.29,0.92,,,0.04
2.23,0.97,0.62,0.98,3.77,2.33,2.52,0.34,0.73,,,4.0
0.23,2.44,3.23,3.15,2.98,2.08,1.13,1.94,2.38,,,0.08
3.89,0.86,1.32,3.09,1.17,3.55,4.06,4.15,0.33,,,0.23
3.14,3.45,3.16,7.42,0.56,4.55,4.52,0.58,0.45,,,0.51
5.77,0.77,4.9,6.46,4.86,0.2,0.78,1.48,2.52,,,3.16
3.43,0.15,0.63,3.69,4.38,0.66,2.9,0.78,2.21,,,1.86
7.78,0.77,0.84,4.59,5.57,3.36,1.21,2.11,8.95,,,1.34
1.88,0.17,1.74,0.55,2.98,0.27,1.25,4.79,1.58,,,3.5
1.52,3.12,3.89,3.14,1.69,1.43,1.77,9.66,0.67,,,1.31
2.0,6.58,1.69,2.56,0.43,0.57,1.65,0.36,8.09,,,1.56
0.35,1.29,0.24,2.32,1.8,1.6,0.31,0.2,9.9,,,2.01
1.85,0.92,6.22,7.27,7.87,2.88,1.99,1.19,0.44,,,7.99
4.74,0.18,3.98,8.43,0.37,0.64,5.2,0.05,2.64,,,0.84
4.61,2.46,0.65,0.25,3.5,0.4,1.71,3.24,6.82,,,0.52
2.21,2.97,7.43,2.27,3.47,0.36,0.28,0.15,3.8,,,5.37
2.37,7.2,0.34,0.91,6.01,1.21,0.23,7.4,7.33,,,1.79
4.49,3.9,0.43,0.22,0.73,1.82,1.07,8.09,8.1,,,1.52
2.17,6.42,2.33,8.49,1.91,0.6,4.51,2.82,1.79,,,3.81
1.46,1.76,2.58,2.65,1.67,0.07,1.4,0.33,5.54,,,1.67
6.8,1.28,8.16,0.47,0.66,3.64,0.84,0.98,2.03,,,0.72
1.63,3.83,2.16,0.8,0.77,0.02,4.47,0.09,1.28,,,0.02
1.39,0.38,4.55,5.84,0.27,0.35,9.47,0.25,0.51,,,0.01
8.12,5.63,8.64,1.39,2.21,0.77,3.84,0.16,3.35,,,1.57
0.99,5.81,4.2,9.93,1.79,2.52,5.53,0.01,3.46,,,2.08
6.18,2.67,1.6,0.85,0.8,0.59,4.29,0.05,2.84,,,0.1
7.31,1.69,5.19,1.75,5.09,0.66,2.62,1.18,7.19,,,0.01
3.82,1.6,0.05,0.5,3.32,2.2,4.99,5.6,2.11,,,4.6
0.4,6.17,1.22,0.13,7.42,0.29,9.8,6.66,1.42,,,0.16
5.73,3.1,4.63,2.71,3.1,3.64,7.17,3.01,0.18,,,0.65
8.46,1.56,0.14,0.72,2.55,0.76,5.8,4.94,3.35,,,1.38
3.44,1.28,0.35,0.92,1.18,0.9,8.36,8.73,1.79,,,1.7
5.18,0.92,1.87,6.62,3.69,0.79,4.74,0.82,8.93,,,0.39
3.14,7.28,0.73,2.78,4.36,1.06,8.16,1.59,4.71,,,3.37
0.85,0.86,7.03,1.32,1.9,0.07,4.03,1.34,0.13,,,1.25
0.78,5.22,2.83,1.03,2.41,0.4,3.44,0.74,0.2,,,0.01
3.41,2.57,1.92,0.46,3.56,1.87,3.26,0.18,8.29,,,0.17
4.16,1.91,1.56,1.71,0.79,0.63,0.95,0.72,3.81,,,1.79
4.55,2.09,2.37,5.18,3.33,1.3,0.97,0.58,9.12,,,0.56
1.26,3.54,1.13,1.53,3.74,4.89,3.74,7.22,2.39,,,0.38
4.07,3.03,7.5,9.83,3.97,1.08,4.36,4.71,6.58,,,0.63
7.02,0.74,1.59,3.49,3.38,3.12,4.78,3.13,0.21,,,0.06
0.6,6.52,8.74,3.6,4.73,1.29,7.28,1.17,0.07,,,0.93
4.18,0.08,1.9,2.01,0.75,0.26,5.37,2.41,3.4,,,2.39
5.0,7.44,0.08,4.73,0.25,3.39,5.15,1.5,0.78,,,0.01
3.08,2.06,0.36,0.14,6.49,0.41,4.31,9.37,1.51,,,0.49
0.44,0.97,4.83,1.61,0.06,2.42,1.1,0.13,3.42,,,1.24
3.15,0.03,6.58,4.43,2.53,0.24,1.1,1.01,0.33,,,2.54
0.97,0.34,4.5,1.27,0.36,1.99,3.08,2.4,0.06,,,1.68
0.03,3.87,2.21,0.3,4.45,0.2,0.31,0.42,0.31,,,3.39
5.19,1.68,2.97,2.18,3.16,0.13,0.95,0.02,0.08,,,1.2
0.71,1.37,1.12,2.8,1.06,0.36,2.3,0.19,4.25,,,0.66
6.18,2.77,0.89,0.3,0.28,1.39,1.2,0.08,5.02,,,2.5
4.33,3.82,0.8,5.05,0.42,1.19,1.16,0.38,0.32,,,2.86
7.87,0.55,4.08,1.4,1.44,1.77,6.22,3.42,0.28,,,0.85
4.39,7.98,0.75,0.09,1.31,1.09,1.05,6.78,5.22,,,0.81
1.21,0.15,7.67,0.0,5.13,0.97,5.96,0.72,0.24,,,0.44
8.46,9.18,1.48,4.59,3.56,4.25,9.26,0.37,9.66,,,1.2
2.26,0.02,2.59,0.9,5.83,6.97,2.07,0.65,6.45,,,3.92
0.67,1.47,0.16,0.94,2.22,2.06,2.43,2.8,0.86,,,5.61
2.76,0.11,9.55,0.69,2.56,0.0,1.92,0.01,1.99,,,0.47
3.52,0.4,1.87,3.8,0.82,9.47,0.52,0.28,0.4,,,4.06
4.5,5.3,4.51,4.89,1.57,3.5,0.56,5.63,0.37,,,2.44
6.08,5.82,4.3,0.23,5.35,5.51,0.57,0.24,0.31,,,4.12
1.97,1.89,4.96,5.73,2.61,1.16,8.66,4.39,0.64,,,4.25
2.23,1.21,9.44,0.28,2.28,0.18,1.27,2.0,2.52,,,4.56
0.59,1.85,9.01,0.48,0.51,0.03,4.6,9.04,3.62,,,2.18
0.09,0.9,6.08,1.24,3.97,6.46,3.46,4.53,0.26,,,0.76
1.5,0.8,0.97,0.88,3.53,0.53,0.41,0.1,6.84,,,0.09
4.44,6.02,6.36,2.14,8.99,4.63,4.4,0.85,2.72,,,2.69
4.88,0.78,3.87,0.65,8.35,4.69,4.46,0.3,5.21,,,9.25
0.84,0.31,2.66,2.73,5.82,0.34,,7.33,0.97,,,4.66
1.75,0.17,5.19,0.55,3.28,7.77,,2.19,6.39,,,3.13
5.88,1.17,5.57,6.01,4.89,0.2,,0.24,0.43,,,4.65
8.18,5.78,6.41,1.83,2.51,5.69,,1.19,0.18,,,2.85
5.43,1.38,2.54,2.42,7.69,4.34,,6.9,0.76,,,0.48
3.38,0.39,0.32,0.44,0.61,0.38,,4.53,9.95,,,0.23
0.93,0.49,3.88,2.21,0.27,0.78,,8.96,0.29,,,2.77
4.3,8.34,0.26,1.71,2.7,4.67,,1.25,0.09,,,3.64
0.01,3.92,7.37,1.15,7.92,4.91,,3.24,2.97,,,7.07
5.97,6.33,1.02,2.4,6.81,6.36,,0.99,0.45,,,8.95
1.19,4.38,4.5,0.91,3.14,0.28,,0.56,4.69,,,0.61
0.8,8.54,5.09,9.23,2.63,2.07,,2.85,9.29,,,2.72
1.21,7.85,1.38,1.37,3.23,5.12,,3.13,3.85,,,2.72
0.14,7.87,8.1,0.26,0.02,3.47,,6.61,1.44,,,2.02
3.18,5.76,9.43,0.46,0.6,6.53,,3.77,0.39,,,0.6
4.78,0.85,0.92,0.64,0.97,2.09,,0.15,0.33,,,1.96
5.71,9.46,1.64,0.23,1.98,5.43,,7.23,2.68,,,0.28
4.21,1.86,2.22,3.75,5.5,0.29,,8.52,0.01,,,1.81
6.93,5.95,9.01,5.38,3.21,6.76,,0.48,1.37,,,1.28
0.73,4.08,0.41,0.45,6.6,2.14,,4.02,0.01,,,1.53
3.9,3.49,3.47,4.91,0.73,4.26,,3.82,2.18,,,1.48
5.15,9.55,3.1,0.85,0.18,1.3,,0.46,0.55,,,1.51
8.58,0.12,0.39,5.99,1.15,7.36,,0.42,0.96,,,5.33
2.89,0.6,0.71,1.77,0.81,3.44,,8.46,0.0,,,0.71
1.6,0.49,5.31,1.86,4.61,3.9,,0.72,0.52,,,1.96
3.28,5.5,1.95,8.22,2.33,3.64,,0.67,1.67,,,0.03
3.01,0.3,7.11,5.82,8.08,4.75,,1.08,0.26,,,0.31
,6.96,0.2,1.36,3.61,2.45,,1.19,0.22,,,2.07
,0.08,4.8,1.25,4.37,1.79,,5.8,0.55,,,4.63
,6.23,2.68,3.39,3.27,1.98,,1.23,0.17,,,1.05
,7.75,2.52,0.59,1.77,2.23,,4.67,0.41,,,0.16
,3.55,1.75,0.0,0.93,5.12,,2.92,0.01,,,2.57
,9.17,2.92,0.56,2.42,5.43,,5.02,3.33,,,5.89
,3.73,0.65,0.88,0.69,2.88,,1.57,0.11,,,3.89
,0.81,3.46,4.04,8.83,5.51,,1.86,0.13,,,0.81
,9.97,6.14,0.13,3.57,6.8,,0.3,0.08,,,1.16
,4.3,0.84,0.25,2.46,2.67,,3.57,6.07,,,4.49
,0.97,4.82,0.88,2.06,0.7,,2.18,1.75,,,3.0
,1.19,3.27,0.04,1.05,8.25,,9.16,6.43,,,9.82
,1.95,3.0,7.64,4.47,2.3,,4.87,3.63,,,0.11
,1.99,4.39,0.49,0.98,6.97,,1.74,3.55,,,0.22
,0.32,2.12,3.97,5.0,3.69,,0.84,9.15,,,3.44
,0.19,2.49,1.62,2.51,1.0,,1.97,2.44,,,1.69
,7.52,2.25,0.21,2.63,0.83,,0.09,2.05,,,2.53
,7.94,9.55,0.7,3.9,6.49,,6.39,1.16,,,0.29
,8.32,1.59,3.83,1.18,1.56,,1.93,7.78,,,1.19
,0.57,1.73,0.26,4.59,1.4,,0.26,5.43,,,0.35
,0.14,1.02,7.49,7.33,2.0,,0.23,1.71,,,1.01
,0.3,7.43,1.6,4.63,9.06,,0.37,1.31,,,0.08
,4.22,3.11,6.12,0.94,1.09,,0.32,0.55,,,1.59
,3.2,5.47,0.18,8.18,6.3,,0.33,2.57,,,5.28
,1.33,4.9,0.58,4.22,6.85,,0.48,1.78,,,1.77
,2.94,3.19,0.13,4.05,4.5,,0.0,2.44,,,6.24
,2.45,3.26,1.48,6.4,0.19,,1.25,0.2,,,0.28
,1.22,1.52,0.14,3.48,1.12,,3.47,1.74,,,0.02
,0.37,5.02,2.81,7.94,3.78,,5.58,0.17,,,9.11
,0.71,0.31,0.68,3.95,8.81,,3.33,1.06,,,0.65
,0.04,5.25,0.39,7.78,1.64,,2.08,0.86,,,0.31
,3.02,2.79,7.73,5.12,2.81,,5.89,0.56,,,0.3
,0.28,1.19,3.34,3.66,0.65,,2.63,1.89,,,0.58
,1.58,5.57,0.93,0.58,1.31,,1.26,0.17,,,1.83
,1.54,1.87,0.92,4.87,0.16,,0.14,0.18,,,2.1
,6.16,7.94,4.21,7.85,1.15,,0.2,0.71,,,0.65
,3.74,4.94,2.22,8.69,6.96,,5.4,1.88,,,0.03
,5.93,1.23,7.06,6.44,1.47,,0.24,2.2,,,0.17
,0.64,6.25,3.0,4.65,7.91,,3.34,2.68,,,1.66
,2.33,7.25,0.26,4.56,4.09,,5.82,3.4,,,0.32
,3.28,5.6,8.14,2.29,1.64,,3.82,0.02,,,0.03
,8.22,4.21,4.38,6.96,0.98,,3.45,1.54,,,1.61
,5.08,5.36,0.8,1.58,4.41,,1.36,0.76,,,0.47
,4.37,7.77,3.94,5.74,8.42,,3.68,0.74,,,4.67
,2.63,2.8,0.05,1.19,5.39,,1.64,0.23,,,0.02
,0.37,5.67,0.05,3.1,4.57,,0.5,4.03,,,3.22
,0.51,5.27,8.03,4.65,3.53,,2.42,0.27,,,1.72
,4.28,1.0,3.75,2.43,2.05,,3.19,0.05,,,1.21
,5.83,2.91,1.64,3.84,9.01,,3.56,1.29,,,0.33
,9.58,6.7,3.81,3.23,2.25,,2.74,0.69,,,1.08
,5.86,7.71,2.54,2.92,5.81,,8.92,8.87,,,1.32
,1.26,7.47,6.79,1.45,4.97,,3.04,0.05,,,5.92
,2.14,4.78,0.27,8.9,1.8,,0.05,0.02,,,0.51
,4.18,2.28,2.86,4.65,6.98,,1.86,0.29,,,0.53
,,0.43,2.55,3.78,5.38,,4.69,9.23,,,0.12
,,1.6,0.43,3.23,0.78,,4.47,1.94,,,0.75
,,1.03,7.11,1.26,6.88,,3.01,0.55,,,0.66
,,1.2,8.35,0.91,2.28,,2.54,2.09,,,3.75
,,4.86,3.42,3.09,1.44,,2.35,0.96,,,2.02
,,3.31,6.88,2.39,6.5,,7.65,0.65,,,2.73
,,9.17,6.06,7.17,4.73,,2.89,3.59,,,5.06
,,5.0,0.3,3.09,3.46,,0.07,0.4,,,3.03
,,7.23,5.83,5.5,3.27,,0.73,0.53,,,1.15
,,9.16,5.22,3.09,,,3.28,1.22,,,0.07
,,4.51,0.06,1.39,,,2.76,1.26,,,1.5
,,5.27,0.18,,,,0.54,5.65,,,2.92
,,7.44,8.29,,,,0.08,2.93,,,4.01
,,5.08,0.59,,,,0.18,3.04,,,6.36
,,1.74,6.65,,,,6.98,2.52,,,0.8
,,1.64,5.17,,,,0.59,1.31,,,2.85
,,0.84,0.42,,,,1.27,0.26,,,1.51
,,6.44,2.37,,,,1.76,3.58,,,1.97
,,2.58,7.27,,,,4.68,2.04,,,2.07
,,4.69,1.84,,,,1.06,0.74,,,4.04
,,0.59,3.23,,,,6.99,0.27,,,0.13
,,3.2,0.43,,,,3.47,1.13,,,0.39
,,6.99,6.07,,,,4.66,0.01,,,3.77
,,3.38,0.08,,,,6.78,0.9,,,7.19
,,2.44,0.25,,,,9.47,1.06,,,2.07
,,6.34,0.15,,,,2.31,1.4,,,3.3
,,,0.78,,,,2.64,3.29,,,2.63
,,,0.26,,,,1.2,0.3,,,5.45
,,,2.31,,,,6.23,1.45,,,1.26
,,,0.27,,,,2.93,0.12,,,0.38
,,,0.5,,,,0.79,0.1,,,1.93
,,,1.37,,,,0.11,0.86,,,2.52
,,,0.65,,,,6.74,0.21,,,2.38
,,,1.0,,,,8.56,0.53,,,0.96
,,,7.55,,,,4.01,2.93,,,0.75
,,,1.67,,,,0.35,2.07,,,1.26
,,,1.51,,,,0.45,1.82,,,1.74
,,,0.97,,,,0.16,3.19,,,1.52
,,,0.46,,,,0.26,2.87,,,1.57
,,,0.01,,,,5.55,1.14,,,0.15
,,,0.59,,,,2.03,2.89,,,1.16
,,,0.56,,,,0.67,0.32,,,9.09
,,,3.99,,,,0.25,0.46,,,0.81
,,,2.63,,,,1.53,0.24,,,1.14
,,,7.03,,,,1.4,0.72,,,0.55
,,,8.72,,,,1.01,0.01,,,3.33
,,,4.72,,,,4.72,2.49,,,2.97
,,,0.1,,,,1.34,0.86,,,0.13
,,,1.26,,,,0.01,0.49,,,0.34
,,,2.5,,,,0.28,0.01,,,8.66
,,,1.61,,,,0.97,0.0,,,1.57
,,,5.27,,,,0.25,0.37,,,7.2
,,,0.03,,,,0.65,0.28,,,1.32
,,,0.25,,,,0.25,0.7,,,5.9
,,,0.26,,,,6.97,2.59,,,0.27
,,,1.37,,,,0.78,0.24,,,5.44
,,,0.6,,,,0.32,1.18,,,0.45
,,,0.63,,,,1.07,4.56,,,1.2
,,,1.39,,,,0.02,1.56,,,0.99
,,,0.07,,,,0.1,4.76,,,0.78
,,,7.05,,,,8.14,3.76,,,0.62
,,,5.42,,,,9.73,3.62,,,3.98
,,,5.93,,,,0.67,7.21,,,0.04
,,,2.33,,,,0.2,9.34,,,3.06
,,,7.9,,,,2.08,0.07,,,0.08
,,,0.29,,,,2.67,2.4,,,4.05
,,,7.46,,,,6.71,0.34,,,0.1
,,,2.38,,,,8.57,5.89,,,0.2
,,,3.35,,,,0.61,2.78,,,2.49
,,,2.18,,,,7.74,0.34,,,6.76
,,,7.27,,,,4.56,0.79,,,6.1
,,,4.7,,,,1.89,4.3,,,1.95
,,,1.35,,,,2.02,2.74,,,1.73
,,,5.0,,,,6.03,0.47,,,0.1
,,,4.59,,,,1.35,3.29,,,0.67
,,,4.46,,,,3.41,0.76,,,0.13
,,,1.62,,,,1.4,2.65,,,0.02
,,,1.49,,,,0.16,0.66,,,0.34
,,,0.16,,,,3.89,7.14,,,0.33
,,,0.3,,,,2.14,1.22,,,0.03
,,,1.34,,,,5.89,1.7,,,2.17
,,,,,,,1.26,1.93,,,0.5
,,,,,,,6.5,2.98,,,1.46
,,,,,,,8.06,1.33,,,2.47
,,,,,,,0.46,2.22,,,2.27
,,,,,,,,0.01,,,5.74
,,,,,,,,0.87,,,0.25
,,,,,,,,5.92,,,0.01
,,,,,,,,0.06,,,1.02
,,,,,,,,7.48,,,1.57
,,,,,,,,0.84,,,0.17
,,,,,,,,0.41,,,0.75
,,,,,,,,1.68,,,8.31
,,,,,,,,9.41,,,1.12
,,,,,,,,1.46,,,0.68
,,,,,,,,0.84,,,0.23
,,,,,,,,3.42,,,7.16
,,,,,,,,3.21,,,3.45
,,,,,,,,0.73,,,1.12
,,,,,,,,5.51,,,3.64
,,,,,,,,0.5,,,4.25
,,,,,,,,1.78,,,2.3
,,,,,,,,1.08,,,1.98
,,,,,,,,0.26,,,1.44
,,,,,,,,5.03,,,1.0
,,,,,,,,0.51,,,3.02
,,,,,,,,0.31,,,0.42
,,,,,,,,8.87,,,0.0
,,,,,,,,0.03,,,0.32
,,,,,,,,0.11,,,1.26
,,,,,,,,0.64,,,1.59
,,,,,,,,1.25,,,0.63
,,,,,,,,2.78,,,2.29
,,,,,,,,0.33,,,1.09
,,,,,,,,0.45,,,3.12
,,,,,,,,0.1,,,2.56
,,,,,,,,1.46,,,0.97
,,,,,,,,4.21,,,1.32
,,,,,,,,4.03,,,2.42
,,,,,,,,0.54,,,1.95
,,,,,,,,3.86,,,1.35
,,,,,,,,0.88,,,0.43
,,,,,,,,0.2,,,1.12
,,,,,,,,2.52,,,3.34
,,,,,,,,0.05,,,4.1
,,,,,,,,5.56,,,6.72
,,,,,,,,4.3,,,1.97
,,,,,,,,0.27,,,1.64
,,,,,,,,4.88,,,2.47
,,,,,,,,8.03,,,7.61
,,,,,,,,4.56,,,0.59
,,,,,,,,0.02,,,5.49
,,,,,,,,,,,3.92
,,,,,,,,,,,7.04
,,,,,,,,,,,3.14
,,,,,,,,,,,2.83
,,,,,,,,,,,3.32
,,,,,,,,,,,0.46
,,,,,,,,,,,2.41
,,,,,,,,,,,2.95
,,,,,,,,,,,0.14
,,,,,,,,,,,3.58
,,,,,,,,,,,0.23
,,,,,,,,,,,4.18
,,,,,,,,,,,1.42
,,,,,,,,,,,0.89
,,,,,,,,,,,3.25
,,,,,,,,,,,7.59
,,,,,,,,,,,0.48
,,,,,,,,,,,2.87
,,,,,,,,,,,1.45
,,,,,,,,,,,0.47
,,,,,,,,,,,0.3
,,,,,,,,,,,0.23
,,,,,,,,,,,2.23
,,,,,,,,,,,2.81
,,,,,,,,,,,1.54
,,,,,,,,,,,0.17
,,,,,,,,,,,1.27
,,,,,,,,,,,2.61
,,,,,,,,,,,2.8
,,,,,,,,,,,0.1
,,,,,,,,,,,2.42
,,,,,,,,,,,8.9
,,,,,,,,,,,2.87
,,,,,,,,,,,0.14
,,,,,,,,,,,0.12
,,,,,,,,,,,0.38
,,,,,,,,,,,8.92
,,,,,,,,,,,1.14
,,,,,,,,,,,4.29
,,,,,,,,,,,2.12
,,,,,,,,,,,0.69
,,,,,,,,,,,2.67
,,,,,,,,,,,1.02
,,,,,,,,,,,0.43
,,,,,,,,,,,0.28
,,,,,,,,,,,0.02
,,,,,,,,,,,0.37
,,,,,,,,,,,0.11
,,,,,,,,,,,1.06
,,,,,,,,,,,1.52
,,,,,,,,,,,6.23
,,,,,,,,,,,0.27
,,,,,,,,,,,0.1
,,,,,,,,,,,3.39
,,,,,,,,,,,1.6
,,,,,,,,,,,0.12
,,,,,,,,,,,0.12
,,,,,,,,,,,0.22
,,,,,,,,,,,0.78
,,,,,,,,,,,3.51
,,,,,,,,,,,2.42
,,,,,,,,,,,0.87
,,,,,,,,,,,0.44
,,,,,,,,,,,0.51
,,,,,,,,,,,1.09
,,,,,,,,,,,0.39
,,,,,,,,,,,5.52
,,,,,,,,,,,0.02
,,,,,,,,,,,0.22
,,,,,,,,,,,4.55
,,,,,,,,,,,0.0
,,,,,,,,,,,1.76
,,,,,,,,,,,0.02
,,,,,,,,,,,4.03
,,,,,,,,,,,0.92
,,,,,,,,,,,0.54
,,,,,,,,,,,0.6
,,,,,,,,,,,0.76
,,,,,,,,,,,1.85
,,,,,,,,,,,1.14
,,,,,,,,,,,0.82
,,,,,,,,,,,0.34
,,,,,,,,,,,3.77
,,,,,,,,,,,0.19
,,,,,,,,,,,1.51
,,,,,,,,,,,1.64
,,,,,,,,,,,0.3
,,,,,,,,,,,0.28
,,,,,,,,,,,7.62
,,,,,,,,,,,0.16
